2021,全日本選手権 兼 全日本大学選手権,6,女子ダブルスカル,HeatA組,10/28 09:20,1,金沢大学,01:47.42,03:37.76,05:29.01,07:22.80,5,→Semi-Final A/B
2021,全日本選手権 兼 全日本大学選手権,6,女子ダブルスカル,HeatA組,10/28 09:20,2,中部電力,01:48.87,03:42.33,05:36.49,07:29.91,2,""
2021,全日本選手権 兼 全日本大学選手権,6,女子ダブルスカル,HeatA組,10/28 09:20,3,明治安田生命,01:47.16,03:40.20,05:38.25,07:39.01,3,""
2021,全日本選手権 兼 全日本大学選手権,6,女子ダブルスカル,HeatA組,10/28 09:20,4,立教大学,01:51.14,03:47.64,05:45.58,07:45.40,4,""
2021,全日本選手権 兼 全日本大学選手権,6,女子ダブルスカル,HeatA組,10/28 09:20,5,加茂高校,01:54.89,03:55.05,05:55.95,07:55.54,1,""
2021,全日本選手権 兼 全日本大学選手権,6,女子ダブルスカル,HeatA組,10/28 09:20,6,龍谷大学,01:55.34,03:58.53,06:02.93,08:06.11,6,""
2021,全日本選手権 兼 全日本大学選手権,7,女子ダブルスカル,HeatB組,10/28 09:28,1,早稲田大学,01:48.28,03:42.32,05:36.50,07:34.62,4,→Semi-Final A/B
2021,全日本選手権 兼 全日本大学選手権,7,女子ダブルスカル,HeatB組,10/28 09:28,2,日本体育大学,01:50.55,03:44.96,05:40.46,07:37.11,1,""
2021,全日本選手権 兼 全日本大学選手権,7,女子ダブルスカル,HeatB組,10/28 09:28,3,慶應義塾大学,01:48.94,03:45.56,05:44.94,07:43.81,5,""
2021,全日本選手権 兼 全日本大学選手権,7,女子ダブルスカル,HeatB組,10/28 09:28,4,大阪市立大学,01:56.09,03:55.34,05:56.10,07:56.12,3,""
2021,全日本選手権 兼 全日本大学選手権,7,女子ダブルスカル,HeatB組,10/28 09:28,5,法政大学,01:56.45,03:58.47,06:01.00,08:02.92,2,""
2021,全日本選手権 兼 全日本大学選手権,7,女子ダブルスカル,HeatB組,10/28 09:28,6,鹿屋体育大学,01:54.52,03:56.68,06:00.45,08:03.20,6,""
2021,全日本選手権 兼 全日本大学選手権,8,女子ダブルスカル,HeatC組,10/28 09:36,1,アイリスオーヤマ,01:44.66,03:34.04,05:27.70,07:18.10,6,→Semi-Final A/B
2021,全日本選手権 兼 全日本大学選手権,8,女子ダブルスカル,HeatC組,10/28 09:36,2,中央大学,01:51.16,03:46.01,05:43.14,07:40.09,5,""
2021,全日本選手権 兼 全日本大学選手権,8,女子ダブルスカル,HeatC組,10/28 09:36,3,富山国際大学,01:52.43,03:48.15,05:47.18,07:47.59,3,""
2021,全日本選手権 兼 全日本大学選手権,8,女子ダブルスカル,HeatC組,10/28 09:36,4,明治大学,01:55.77,03:53.97,05:53.30,07:53.24,1,""
2021,全日本選手権 兼 全日本大学選手権,8,女子ダブルスカル,HeatC組,10/28 09:36,5,瀬田漕艇クラブ,01:57.63,03:57.26,06:01.09,08:05.18,4,""
2021,全日本選手権 兼 全日本大学選手権,8,女子ダブルスカル,HeatC組,10/28 09:36,6,わたらせRC,01:57.34,04:05.07,06:16.93,08:25.88,2,""
2021,全日本選手権 兼 全日本大学選手権,9,女子ダブルスカル,HeatD組,10/28 09:44,1,成立学園高校,01:50.35,03:45.53,05:40.27,07:34.55,4,→Semi-Final A/B
2021,全日本選手権 兼 全日本大学選手権,9,女子ダブルスカル,HeatD組,10/28 09:44,2,美方高校,01:49.29,03:43.75,05:41.25,07:40.43,2,""
2021,全日本選手権 兼 全日本大学選手権,9,女子ダブルスカル,HeatD組,10/28 09:44,3,立命館大学,01:52.22,03:50.06,05:49.25,07:47.93,3,""
2021,全日本選手権 兼 全日本大学選手権,9,女子ダブルスカル,HeatD組,10/28 09:44,4,同志社大学,01:55.82,03:55.45,05:56.85,07:55.64,5,""
2021,全日本選手権 兼 全日本大学選手権,9,女子ダブルスカル,HeatD組,10/28 09:44,5,大阪府立大学,01:57.59,03:56.88,05:57.73,07:55.81,6,""
2021,全日本選手権 兼 全日本大学選手権,9,女子ダブルスカル,HeatD組,10/28 09:44,6,仙台大学,02:01.42,04:04.50,06:08.16,08:11.65,1,""
2021,全日本選手権 兼 全日本大学選手権,10,女子ペア,HeatA組,10/28 09:52,1,日本体育大学,01:57.25,03:57.12,05:59.35,07:58.31,3,→Semi-Final A/B
2021,全日本選手権 兼 全日本大学選手権,10,女子ペア,HeatA組,10/28 09:52,2,立命館大学,01:56.36,03:55.97,05:58.75,08:00.21,1,""
2021,全日本選手権 兼 全日本大学選手権,10,女子ペア,HeatA組,10/28 09:52,3,明治大学,01:57.85,04:01.15,06:10.01,08:17.43,4,""
2021,全日本選手権 兼 全日本大学選手権,10,女子ペア,HeatA組,10/28 09:52,4,慶應義塾大学,02:00.88,04:10.82,06:27.71,08:40.21,2,""
2021,全日本選手権 兼 全日本大学選手権,10,女子ペア,HeatA組,10/28 09:52,0,"","","","","",0,""
2021,全日本選手権 兼 全日本大学選手権,10,女子ペア,HeatA組,10/28 09:52,0,"","","","","",0,""
2021,全日本選手権 兼 全日本大学選手権,11,女子ペア,HeatB組,10/28 10:02,1,滋賀大学,01:59.62,04:00.66,06:00.31,08:04.52,4,→Semi-Final A/B
2021,全日本選手権 兼 全日本大学選手権,11,女子ペア,HeatB組,10/28 10:02,2,早稲田大学,01:56.51,03:58.98,06:01.49,08:08.53,2,""
2021,全日本選手権 兼 全日本大学選手権,11,女子ペア,HeatB組,10/28 10:02,3,中央大学,01:58.49,04:02.04,06:08.61,08:19.86,3,""
2021,全日本選手権 兼 全日本大学選手権,11,女子ペア,HeatB組,10/28 10:02,4,東北大学,01:59.92,04:05.80,06:14.77,08:27.38,1,""
2021,全日本選手権 兼 全日本大学選手権,11,女子ペア,HeatB組,10/28 10:02,0,"","","","","",0,""
2021,全日本選手権 兼 全日本大学選手権,11,女子ペア,HeatB組,10/28 10:02,0,"","","","","",0,""
2021,全日本選手権 兼 全日本大学選手権,12,女子ペア,HeatC組,10/28 10:12,1,立教大学,01:56.30,03:58.03,06:01.77,08:07.15,2,→Semi-Final A/B
2021,全日本選手権 兼 全日本大学選手権,12,女子ペア,HeatC組,10/28 10:12,2,一橋大学,01:59.29,04:04.73,06:11.45,08:17.93,1,""
2021,全日本選手権 兼 全日本大学選手権,12,女子ペア,HeatC組,10/28 10:12,3,同志社大学,02:03.39,04:08.76,06:15.49,08:25.41,3,""
2021,全日本選手権 兼 全日本大学選手権,12,女子ペア,HeatC組,10/28 10:12,4,法政大学,02:01.09,04:12.27,06:22.59,08:32.44,4,""
2021,全日本選手権 兼 全日本大学選手権,12,女子ペア,HeatC組,10/28 10:12,0,"","","","","",0,""
2021,全日本選手権 兼 全日本大学選手権,12,女子ペア,HeatC組,10/28 10:12,0,"","","","","",0,""
2021,全日本選手権 兼 全日本大学選手権,13,女子ペア,HeatD組,10/28 10:22,1,富山国際大学,01:57.69,03:59.46,06:03.55,08:08.80,2,→Semi-Final A/B
2021,全日本選手権 兼 全日本大学選手権,13,女子ペア,HeatD組,10/28 10:22,2,龍谷大学,01:58.95,04:03.86,06:11.80,08:15.12,4,""
2021,全日本選手権 兼 全日本大学選手権,13,女子ペア,HeatD組,10/28 10:22,3,仙台大学,02:01.74,04:04.87,06:11.39,08:15.37,1,""
2021,全日本選手権 兼 全日本大学選手権,13,女子ペア,HeatD組,10/28 10:22,4,関西学院大学,01:55.70,04:01.51,06:10.23,08:15.41,3,""
2021,全日本選手権 兼 全日本大学選手権,13,女子ペア,HeatD組,10/28 10:22,0,"","","","","",0,""
2021,全日本選手権 兼 全日本大学選手権,13,女子ペア,HeatD組,10/28 10:22,0,"","","","","",0,""
2021,全日本選手権 兼 全日本大学選手権,14,女子クォドルプル,HeatA組,10/28 10:32,1,関西電力,01:40.04,03:22.39,05:09.16,06:55.33,4,→Semi-Final A/B
2021,全日本選手権 兼 全日本大学選手権,14,女子クォドルプル,HeatA組,10/28 10:32,2,早稲田大学,01:38.91,03:23.92,05:12.72,06:58.50,2,""
2021,全日本選手権 兼 全日本大学選手権,14,女子クォドルプル,HeatA組,10/28 10:32,3,関西大学,01:48.74,03:41.17,05:36.84,07:35.04,1,""
2021,全日本選手権 兼 全日本大学選手権,14,女子クォドルプル,HeatA組,10/28 10:32,4,北海道大学,01:55.07,03:52.62,05:52.25,07:52.54,3,""
2021,全日本選手権 兼 全日本大学選手権,14,女子クォドルプル,HeatA組,10/28 10:32,0,"","","","","",0,""
2021,全日本選手権 兼 全日本大学選手権,14,女子クォドルプル,HeatA組,10/28 10:32,0,"","","","","",0,""
2021,全日本選手権 兼 全日本大学選手権,15,女子クォドルプル,HeatB組,10/28 10:40,1,東北大学,01:43.64,03:31.85,05:23.51,07:11.87,2,→Semi-Final A/B
2021,全日本選手権 兼 全日本大学選手権,15,女子クォドルプル,HeatB組,10/28 10:40,2,富山国際大学,01:46.95,03:37.74,05:28.26,07:17.11,3,""
2021,全日本選手権 兼 全日本大学選手権,15,女子クォドルプル,HeatB組,10/28 10:40,3,同志社大学,01:45.28,03:35.42,05:29.42,07:19.67,4,""
2021,全日本選手権 兼 全日本大学選手権,15,女子クォドルプル,HeatB組,10/28 10:40,4,関西学院大学,01:56.84,03:58.51,06:03.52,08:05.75,1,""
2021,全日本選手権 兼 全日本大学選手権,15,女子クォドルプル,HeatB組,10/28 10:40,0,"","","","","",0,""
2021,全日本選手権 兼 全日本大学選手権,15,女子クォドルプル,HeatB組,10/28 10:40,0,"","","","","",0,""
2021,全日本選手権 兼 全日本大学選手権,16,女子クォドルプル,HeatC組,10/28 10:48,1,明治安田生命,01:37.15,03:20.56,05:06.70,06:49.38,1,→Semi-Final A/B
2021,全日本選手権 兼 全日本大学選手権,16,女子クォドルプル,HeatC組,10/28 10:48,2,デンソー,01:39.43,03:26.59,05:12.93,06:58.92,2,""
2021,全日本選手権 兼 全日本大学選手権,16,女子クォドルプル,HeatC組,10/28 10:48,3,中央大学,01:42.66,03:31.62,05:21.48,07:06.47,3,""
2021,全日本選手権 兼 全日本大学選手権,16,女子クォドルプル,HeatC組,10/28 10:48,4,龍谷大学,01:47.47,03:40.94,05:39.01,07:35.22,4,""
2021,全日本選手権 兼 全日本大学選手権,16,女子クォドルプル,HeatC組,10/28 10:48,0,"","","","","",0,""
2021,全日本選手権 兼 全日本大学選手権,16,女子クォドルプル,HeatC組,10/28 10:48,0,"","","","","",0,""
2021,全日本選手権 兼 全日本大学選手権,17,女子クォドルプル,HeatD組,10/28 10:56,1,明治大学,01:39.32,03:25.56,05:14.65,07:04.65,3,→Semi-Final A/B
2021,全日本選手権 兼 全日本大学選手権,17,女子クォドルプル,HeatD組,10/28 10:56,2,中部電力,01:43.84,03:33.44,05:23.51,07:13.56,4,""
2021,全日本選手権 兼 全日本大学選手権,17,女子クォドルプル,HeatD組,10/28 10:56,3,法政大学,01:46.38,03:33.24,05:24.59,07:15.06,1,""
2021,全日本選手権 兼 全日本大学選手権,17,女子クォドルプル,HeatD組,10/28 10:56,4,神戸大学,01:49.06,03:45.47,05:45.43,07:43.40,2,""
2021,全日本選手権 兼 全日本大学選手権,17,女子クォドルプル,HeatD組,10/28 10:56,0,"","","","","",0,""
2021,全日本選手権 兼 全日本大学選手権,17,女子クォドルプル,HeatD組,10/28 10:56,0,"","","","","",0,""
2021,全日本選手権 兼 全日本大学選手権,23,男子ダブルスカル,HeatA組,10/28 11:54,1,日本体育大学,01:37.66,03:21.04,05:06.54,06:53.62,6,→Semi-Final A/B
2021,全日本選手権 兼 全日本大学選手権,23,男子ダブルスカル,HeatA組,10/28 11:54,2,仙台大学,01:42.04,03:27.89,05:16.11,07:00.80,3,""
2021,全日本選手権 兼 全日本大学選手権,23,男子ダブルスカル,HeatA組,10/28 11:54,3,日本大学,01:35.24,03:22.14,05:14.94,07:03.32,5,""
2021,全日本選手権 兼 全日本大学選手権,23,男子ダブルスカル,HeatA組,10/28 11:54,4,早稲田大学理工漕艇部,01:41.50,03:28.67,05:18.96,07:03.47,4,""
2021,全日本選手権 兼 全日本大学選手権,23,男子ダブルスカル,HeatA組,10/28 11:54,5,一橋大学,01:48.03,03:39.46,05:33.62,07:22.63,2,""
2021,全日本選手権 兼 全日本大学選手権,23,男子ダブルスカル,HeatA組,10/28 11:54,6,大阪市立大学,01:49.75,03:41.46,05:35.79,07:27.18,1,""
2021,全日本選手権 兼 全日本大学選手権,24,男子ダブルスカル,HeatB組,10/28 12:02,1,戸田中央総合病院RC,01:35.72,03:17.09,05:01.91,06:50.95,4,→Semi-Final A/B
2021,全日本選手権 兼 全日本大学選手権,24,男子ダブルスカル,HeatB組,10/28 12:02,2,美方高校,01:37.52,03:20.90,05:07.73,06:54.49,5,""
2021,全日本選手権 兼 全日本大学選手権,24,男子ダブルスカル,HeatB組,10/28 12:02,3,立命館大学,01:37.79,03:23.42,05:12.29,06:57.34,3,""
2021,全日本選手権 兼 全日本大学選手権,24,男子ダブルスカル,HeatB組,10/28 12:02,4,龍谷大学,01:40.65,03:27.47,05:14.71,07:00.61,6,""
2021,全日本選手権 兼 全日本大学選手権,24,男子ダブルスカル,HeatB組,10/28 12:02,5,慶應義塾大学,01:42.03,03:30.92,05:23.14,07:11.04,2,""
2021,全日本選手権 兼 全日本大学選手権,24,男子ダブルスカル,HeatB組,10/28 12:02,6,法政大学,01:41.52,03:29.58,05:22.23,07:11.71,1,""
2021,全日本選手権 兼 全日本大学選手権,25,男子ダブルスカル,HeatC組,10/28 12:10,1,東京経済大学,01:42.58,03:27.64,05:14.22,06:57.38,6,→Semi-Final A/B
2021,全日本選手権 兼 全日本大学選手権,25,男子ダブルスカル,HeatC組,10/28 12:10,2,岐阜協立大学,01:40.55,03:28.71,05:18.38,07:06.99,1,""
2021,全日本選手権 兼 全日本大学選手権,25,男子ダブルスカル,HeatC組,10/28 12:10,3,立教大学,01:44.41,03:34.78,05:30.57,07:22.15,2,""
2021,全日本選手権 兼 全日本大学選手権,25,男子ダブルスカル,HeatC組,10/28 12:10,4,追手門学院大学,01:43.86,03:37.48,05:32.89,07:24.92,5,""
2021,全日本選手権 兼 全日本大学選手権,25,男子ダブルスカル,HeatC組,10/28 12:10,5,学習院大学,01:45.97,03:40.19,05:34.97,07:27.40,4,""
2021,全日本選手権 兼 全日本大学選手権,25,男子ダブルスカル,HeatC組,10/28 12:10,6,関西大学,01:44.15,03:38.00,05:36.39,07:33.81,3,""
2021,全日本選手権 兼 全日本大学選手権,26,男子ダブルスカル,HeatD組,10/28 12:18,1,アイリスオーヤマ,01:38.58,03:20.31,05:01.73,06:41.51,4,→Semi-Final A/B
2021,全日本選手権 兼 全日本大学選手権,26,男子ダブルスカル,HeatD組,10/28 12:18,2,富山国際大学,01:38.22,03:20.65,05:05.42,06:47.01,3,""
2021,全日本選手権 兼 全日本大学選手権,26,男子ダブルスカル,HeatD組,10/28 12:18,3,今治造船,01:39.64,03:24.27,05:09.53,06:47.69,2,""
2021,全日本選手権 兼 全日本大学選手権,26,男子ダブルスカル,HeatD組,10/28 12:18,4,明治大学,01:40.32,03:25.11,05:11.75,06:55.04,6,""
2021,全日本選手権 兼 全日本大学選手権,26,男子ダブルスカル,HeatD組,10/28 12:18,5,警視庁,01:42.96,03:28.72,05:13.47,07:00.32,5,""
2021,全日本選手権 兼 全日本大学選手権,26,男子ダブルスカル,HeatD組,10/28 12:18,6,同志社大学,01:49.37,03:44.60,05:40.71,07:31.52,1,""
2021,全日本選手権 兼 全日本大学選手権,27,男子ペア,HeatA組,10/28 12:26,1,トヨタ紡織,01:42.08,03:26.69,05:11.00,06:56.20,5,→Semi-Final A/B
2021,全日本選手権 兼 全日本大学選手権,27,男子ペア,HeatA組,10/28 12:26,2,東北大学,01:40.24,03:27.24,05:16.75,07:06.54,1,""
2021,全日本選手権 兼 全日本大学選手権,27,男子ペア,HeatA組,10/28 12:26,3,明治大学,01:43.37,03:31.99,05:22.24,07:13.21,6,""
2021,全日本選手権 兼 全日本大学選手権,27,男子ペア,HeatA組,10/28 12:26,4,ひた市,01:46.08,03:40.48,05:33.88,07:27.49,4,""
2021,全日本選手権 兼 全日本大学選手権,27,男子ペア,HeatA組,10/28 12:26,5,東京大学,01:47.24,03:39.28,05:34.66,07:32.01,3,""
2021,全日本選手権 兼 全日本大学選手権,27,男子ペア,HeatA組,10/28 12:26,6,立教大学,01:55.45,03:53.91,05:52.89,07:55.56,2,""
2021,全日本選手権 兼 全日本大学選手権,28,男子ペア,HeatB組,10/28 12:36,1,富山国際大学,01:43.84,03:34.20,05:20.24,07:07.28,5,→Semi-Final A/B
2021,全日本選手権 兼 全日本大学選手権,28,男子ペア,HeatB組,10/28 12:36,2,日本製鉄,01:42.39,03:31.30,05:23.08,07:12.66,1,""
2021,全日本選手権 兼 全日本大学選手権,28,男子ペア,HeatB組,10/28 12:36,3,大阪大学,01:44.48,03:34.84,05:25.30,07:13.47,3,""
2021,全日本選手権 兼 全日本大学選手権,28,男子ペア,HeatB組,10/28 12:36,4,東京経済大学,01:45.59,03:35.77,05:28.06,07:20.83,4,""
2021,全日本選手権 兼 全日本大学選手権,28,男子ペア,HeatB組,10/28 12:36,5,金沢大学,01:49.87,03:42.94,05:36.68,07:24.89,2,""
2021,全日本選手権 兼 全日本大学選手権,28,男子ペア,HeatB組,10/28 12:36,6,大阪市立大学,01:47.64,03:42.28,05:39.03,07:33.18,6,""
2021,全日本選手権 兼 全日本大学選手権,29,男子ペア,HeatC組,10/28 12:46,1,日本大学,01:46.80,03:37.10,05:26.06,07:13.46,3,→Semi-Final A/B
2021,全日本選手権 兼 全日本大学選手権,29,男子ペア,HeatC組,10/28 12:46,2,仙台大学,01:47.99,03:42.62,05:34.86,07:20.55,6,""
2021,全日本選手権 兼 全日本大学選手権,29,男子ペア,HeatC組,10/28 12:46,3,一橋大学,01:44.94,03:36.64,05:30.16,07:23.44,2,""
2021,全日本選手権 兼 全日本大学選手権,29,男子ペア,HeatC組,10/28 12:46,4,法政大学,01:48.33,03:42.40,05:36.22,07:29.00,4,""
2021,全日本選手権 兼 全日本大学選手権,29,男子ペア,HeatC組,10/28 12:46,5,慶應義塾大学,01:50.31,03:46.54,05:39.78,07:37.24,1,""
2021,全日本選手権 兼 全日本大学選手権,29,男子ペア,HeatC組,10/28 12:46,6,同志社大学,01:49.95,03:49.45,05:50.36,07:53.16,5,""
2021,全日本選手権 兼 全日本大学選手権,30,男子ペア,HeatD組,10/28 12:56,1,大阪府立大学,01:47.80,03:39.53,05:32.58,07:27.18,3,→Semi-Final A/B
2021,全日本選手権 兼 全日本大学選手権,30,男子ペア,HeatD組,10/28 12:56,2,日本体育大学,01:51.59,03:43.88,05:38.56,07:30.46,5,""
2021,全日本選手権 兼 全日本大学選手権,30,男子ペア,HeatD組,10/28 12:56,3,筑波大学,01:48.84,03:43.21,05:38.33,07:31.68,4,""
2021,全日本選手権 兼 全日本大学選手権,30,男子ペア,HeatD組,10/28 12:56,4,三重選抜,01:49.17,03:44.62,05:41.35,07:39.07,2,""
2021,全日本選手権 兼 全日本大学選手権,30,男子ペア,HeatD組,10/28 12:56,5,中部電力,01:51.11,03:46.53,05:44.00,07:40.92,1,""
2021,全日本選手権 兼 全日本大学選手権,30,男子ペア,HeatD組,10/28 12:56,6,京都大学,01:52.62,03:52.25,05:50.30,07:47.58,6,""
2021,全日本選手権 兼 全日本大学選手権,36,男子フォア,HeatA組,10/28 13:46,1,戸田中央総合病院RC,01:35.71,03:15.12,04:57.46,06:37.96,5,→Semi-Final A/B
2021,全日本選手権 兼 全日本大学選手権,36,男子フォア,HeatA組,10/28 13:46,2,日本体育大学,01:40.47,03:25.61,05:10.51,06:52.92,4,""
2021,全日本選手権 兼 全日本大学選手権,36,男子フォア,HeatA組,10/28 13:46,3,明治大学,01:38.32,03:20.67,05:10.03,06:59.40,1,""
2021,全日本選手権 兼 全日本大学選手権,36,男子フォア,HeatA組,10/28 13:46,4,富山国際大学,01:44.82,03:30.72,05:17.73,07:01.69,6,""
2021,全日本選手権 兼 全日本大学選手権,36,男子フォア,HeatA組,10/28 13:46,5,法政大学,01:44.11,03:32.40,05:25.97,07:19.51,3,""
2021,全日本選手権 兼 全日本大学選手権,36,男子フォア,HeatA組,10/28 13:46,6,名古屋大学,01:49.75,03:41.72,05:36.33,07:29.41,2,""
2021,全日本選手権 兼 全日本大学選手権,37,男子フォア,HeatB組,10/28 13:54,1,京都大学,01:32.79,03:13.95,04:57.04,06:37.06,3,→Semi-Final A/B
2021,全日本選手権 兼 全日本大学選手権,37,男子フォア,HeatB組,10/28 13:54,2,東京経済大学,01:38.42,03:21.29,05:04.65,06:45.53,1,""
2021,全日本選手権 兼 全日本大学選手権,37,男子フォア,HeatB組,10/28 13:54,3,立命館大学,01:42.13,03:30.21,05:19.11,07:03.96,4,""
2021,全日本選手権 兼 全日本大学選手権,37,男子フォア,HeatB組,10/28 13:54,4,龍谷大学,01:43.05,03:30.99,05:19.41,07:04.04,6,""
2021,全日本選手権 兼 全日本大学選手権,37,男子フォア,HeatB組,10/28 13:54,5,早稲田大学,01:39.38,03:27.45,05:18.69,07:08.61,2,""
2021,全日本選手権 兼 全日本大学選手権,37,男子フォア,HeatB組,10/28 13:54,0,大阪大学,"","","","",5,除外
2021,全日本選手権 兼 全日本大学選手権,38,男子フォア,HeatC組,10/28 14:02,1,日本大学,01:36.50,03:16.41,04:58.36,06:38.43,5,→Semi-Final A/B
2021,全日本選手権 兼 全日本大学選手権,38,男子フォア,HeatC組,10/28 14:02,2,仙台大学,01:34.14,03:14.75,04:57.35,06:38.58,1,""
2021,全日本選手権 兼 全日本大学選手権,38,男子フォア,HeatC組,10/28 14:02,3,一橋大学,01:37.78,03:20.04,05:01.42,06:42.83,4,""
2021,全日本選手権 兼 全日本大学選手権,38,男子フォア,HeatC組,10/28 14:02,4,中央大学,01:35.05,03:18.12,05:03.43,06:51.36,2,""
2021,全日本選手権 兼 全日本大学選手権,38,男子フォア,HeatC組,10/28 14:02,5,同志社大学,01:42.92,03:33.00,05:22.45,07:15.38,3,""
2021,全日本選手権 兼 全日本大学選手権,38,男子フォア,HeatC組,10/28 14:02,0,"","","","","",0,""
2021,全日本選手権 兼 全日本大学選手権,39,男子フォア,HeatD組,10/28 14:10,1,立教大学,01:32.01,03:09.34,04:47.61,06:24.42,4,→Semi-Final A/B
2021,全日本選手権 兼 全日本大学選手権,39,男子フォア,HeatD組,10/28 14:10,2,関西電力,01:34.12,03:11.36,04:50.55,06:30.76,3,""
2021,全日本選手権 兼 全日本大学選手権,39,男子フォア,HeatD組,10/28 14:10,3,東北大学,01:35.26,03:17.03,05:00.62,06:41.66,1,""
2021,全日本選手権 兼 全日本大学選手権,39,男子フォア,HeatD組,10/28 14:10,4,中部電力,01:35.82,03:16.82,05:00.94,06:46.26,5,""
2021,全日本選手権 兼 全日本大学選手権,39,男子フォア,HeatD組,10/28 14:10,5,慶應義塾大学,01:37.34,03:20.60,05:06.92,06:48.80,2,""
2021,全日本選手権 兼 全日本大学選手権,39,男子フォア,HeatD組,10/28 14:10,0,"","","","","",0,""
2021,全日本選手権 兼 全日本大学選手権,40,男子舵手つきフォア,HeatA組,10/28 14:18,1,中央大学,01:34.64,03:16.02,05:00.27,06:41.59,5,→Semi-Final A/B
2021,全日本選手権 兼 全日本大学選手権,40,男子舵手つきフォア,HeatA組,10/28 14:18,2,日本大学,01:36.64,03:16.90,05:02.24,06:43.96,1,""
2021,全日本選手権 兼 全日本大学選手権,40,男子舵手つきフォア,HeatA組,10/28 14:18,3,日本体育大学,01:43.17,03:28.11,05:13.56,07:00.12,3,""
2021,全日本選手権 兼 全日本大学選手権,40,男子舵手つきフォア,HeatA組,10/28 14:18,4,立教大学,01:42.27,03:29.86,05:20.39,07:03.31,6,""
2021,全日本選手権 兼 全日本大学選手権,40,男子舵手つきフォア,HeatA組,10/28 14:18,5,学習院大学,01:39.87,03:26.99,05:18.22,07:05.42,4,""
2021,全日本選手権 兼 全日本大学選手権,40,男子舵手つきフォア,HeatA組,10/28 14:18,6,東京経済大学,01:41.95,03:27.68,05:19.88,07:07.16,2,""
2021,全日本選手権 兼 全日本大学選手権,41,男子舵手つきフォア,HeatB組,10/28 14:26,1,仙台大学,01:38.12,03:19.90,05:04.57,06:50.30,2,→Semi-Final A/B
2021,全日本選手権 兼 全日本大学選手権,41,男子舵手つきフォア,HeatB組,10/28 14:26,2,龍谷大学,01:41.10,03:22.79,05:07.10,06:50.77,6,""
2021,全日本選手権 兼 全日本大学選手権,41,男子舵手つきフォア,HeatB組,10/28 14:26,3,中部電力,01:36.70,03:20.62,05:07.87,06:54.57,4,""
2021,全日本選手権 兼 全日本大学選手権,41,男子舵手つきフォア,HeatB組,10/28 14:26,4,京都大学,01:45.86,03:34.12,05:24.37,07:16.75,5,""
2021,全日本選手権 兼 全日本大学選手権,41,男子舵手つきフォア,HeatB組,10/28 14:26,5,埼玉県警察機動隊,01:47.87,03:39.11,05:32.78,07:26.63,3,""
2021,全日本選手権 兼 全日本大学選手権,41,男子舵手つきフォア,HeatB組,10/28 14:26,6,警視庁,01:51.41,03:44.68,05:39.43,07:33.16,1,""
2021,全日本選手権 兼 全日本大学選手権,42,男子舵手つきフォア,HeatC組,10/28 14:34,1,トヨタ紡織,01:36.88,03:18.52,05:01.71,06:41.56,5,→Semi-Final A/B
2021,全日本選手権 兼 全日本大学選手権,42,男子舵手つきフォア,HeatC組,10/28 14:34,2,NTT東日本,01:35.57,03:16.89,05:01.22,06:45.02,3,""
2021,全日本選手権 兼 全日本大学選手権,42,男子舵手つきフォア,HeatC組,10/28 14:34,3,東レ滋賀,01:40.99,03:24.62,05:08.87,06:52.91,1,""
2021,全日本選手権 兼 全日本大学選手権,42,男子舵手つきフォア,HeatC組,10/28 14:34,4,東北大学,01:41.54,03:26.62,05:13.26,06:57.14,6,""
2021,全日本選手権 兼 全日本大学選手権,42,男子舵手つきフォア,HeatC組,10/28 14:34,5,同志社大学,01:39.67,03:25.21,05:12.11,07:00.90,4,""
2021,全日本選手権 兼 全日本大学選手権,42,男子舵手つきフォア,HeatC組,10/28 14:34,6,大阪市立大学,01:41.94,03:30.44,05:23.61,07:15.49,2,""
2021,全日本選手権 兼 全日本大学選手権,43,男子舵手つきフォア,HeatD組,10/28 14:42,1,チョープロ,01:38.35,03:20.49,05:06.57,06:52.79,5,→Semi-Final A/B
2021,全日本選手権 兼 全日本大学選手権,43,男子舵手つきフォア,HeatD組,10/28 14:42,2,明治大学,01:41.36,03:27.88,05:13.80,06:59.76,3,""
2021,全日本選手権 兼 全日本大学選手権,43,男子舵手つきフォア,HeatD組,10/28 14:42,3,神戸大学,01:39.85,03:26.59,05:16.06,07:01.60,2,""
2021,全日本選手権 兼 全日本大学選手権,43,男子舵手つきフォア,HeatD組,10/28 14:42,4,慶應義塾大学,01:41.92,03:30.44,05:19.37,07:04.81,1,""
2021,全日本選手権 兼 全日本大学選手権,43,男子舵手つきフォア,HeatD組,10/28 14:42,5,一橋大学,01:40.24,03:30.07,05:20.40,07:07.68,6,""
2021,全日本選手権 兼 全日本大学選手権,43,男子舵手つきフォア,HeatD組,10/28 14:42,6,法政大学,01:44.48,03:33.01,05:22.86,07:09.07,4,""
2021,全日本選手権 兼 全日本大学選手権,44,男子エイト,HeatA組,10/28 14:50,1,仙台大学,01:27.20,02:57.22,04:29.50,06:02.69,1,→Semi-Final A/B
2021,全日本選手権 兼 全日本大学選手権,44,男子エイト,HeatA組,10/28 14:50,2,早稲田大学,01:28.27,02:59.86,04:33.46,06:05.98,2,""
2021,全日本選手権 兼 全日本大学選手権,44,男子エイト,HeatA組,10/28 14:50,3,慶應義塾大学,01:30.35,03:04.13,04:36.94,06:10.82,4,""
2021,全日本選手権 兼 全日本大学選手権,44,男子エイト,HeatA組,10/28 14:50,4,富山国際大学,01:35.71,03:14.91,04:53.83,06:37.83,5,""
2021,全日本選手権 兼 全日本大学選手権,44,男子エイト,HeatA組,10/28 14:50,5,北海道大学,01:38.71,03:20.44,05:04.87,06:49.82,3,""
2021,全日本選手権 兼 全日本大学選手権,44,男子エイト,HeatA組,10/28 14:50,0,"","","","","",0,""
2021,全日本選手権 兼 全日本大学選手権,45,男子エイト,HeatB組,10/28 14:58,1,明治安田生命,01:24.84,02:53.11,04:21.86,05:50.96,3,→Semi-Final A/B
2021,全日本選手権 兼 全日本大学選手権,45,男子エイト,HeatB組,10/28 14:58,2,日本大学,01:26.19,02:56.28,04:26.89,05:57.99,1,""
2021,全日本選手権 兼 全日本大学選手権,45,男子エイト,HeatB組,10/28 14:58,3,明治大学,01:26.68,02:57.61,04:29.91,06:02.72,4,""
2021,全日本選手権 兼 全日本大学選手権,45,男子エイト,HeatB組,10/28 14:58,4,同志社大学,01:28.72,03:03.36,04:35.61,06:11.29,2,""
2021,全日本選手権 兼 全日本大学選手権,45,男子エイト,HeatB組,10/28 14:58,5,東京工業大学,01:30.84,03:09.44,04:52.36,06:35.96,5,""
2021,全日本選手権 兼 全日本大学選手権,45,男子エイト,HeatB組,10/28 14:58,0,"","","","","",0,""
2021,全日本選手権 兼 全日本大学選手権,46,男子エイト,HeatC組,10/28 15:06,1,東レ滋賀,01:25.89,02:53.54,04:24.17,05:55.24,1,→Semi-Final A/B
2021,全日本選手権 兼 全日本大学選手権,46,男子エイト,HeatC組,10/28 15:06,2,東京大学,01:27.74,02:57.99,04:30.11,06:05.28,3,""
2021,全日本選手権 兼 全日本大学選手権,46,男子エイト,HeatC組,10/28 15:06,3,一橋大学,01:28.11,03:00.22,04:34.41,06:09.06,4,""
2021,全日本選手権 兼 全日本大学選手権,46,男子エイト,HeatC組,10/28 15:06,4,東北大学,01:30.40,03:04.91,04:42.53,06:20.62,2,""
2021,全日本選手権 兼 全日本大学選手権,46,男子エイト,HeatC組,10/28 15:06,0,"","","","","",0,""
2021,全日本選手権 兼 全日本大学選手権,46,男子エイト,HeatC組,10/28 15:06,0,"","","","","",0,""
2021,全日本選手権 兼 全日本大学選手権,47,男子エイト,HeatD組,10/28 15:14,1,NTT東日本,01:26.20,02:53.88,04:24.09,05:52.18,1,→Semi-Final A/B
2021,全日本選手権 兼 全日本大学選手権,47,男子エイト,HeatD組,10/28 15:14,2,神戸大学,01:28.91,03:02.39,04:41.15,06:20.19,4,""
2021,全日本選手権 兼 全日本大学選手権,47,男子エイト,HeatD組,10/28 15:14,3,中央大学,01:29.62,03:04.32,04:44.85,06:22.67,2,""
2021,全日本選手権 兼 全日本大学選手権,47,男子エイト,HeatD組,10/28 15:14,4,京都大学,01:47.20,03:33.34,05:23.15,07:12.31,3,""
2021,全日本選手権 兼 全日本大学選手権,47,男子エイト,HeatD組,10/28 15:14,0,"","","","","",0,""
2021,全日本選手権 兼 全日本大学選手権,47,男子エイト,HeatD組,10/28 15:14,0,"","","","","",0,""
2021,全日本選手権 兼 全日本大学選手権,48,女子シングルスカル,HeatA組,10/29 08:30,1,プリントパック,01:58.40,04:02.13,06:09.80,08:17.08,3,→Semi-Final A/B
2021,全日本選手権 兼 全日本大学選手権,48,女子シングルスカル,HeatA組,10/29 08:30,2,北陸電気工業,02:08.58,04:13.67,06:27.80,08:36.56,4,→Semi-Final A/B
2021,全日本選手権 兼 全日本大学選手権,48,女子シングルスカル,HeatA組,10/29 08:30,3,若狭高校,02:04.28,04:16.75,06:26.11,08:39.27,2,→Semi-Final A/B
2021,全日本選手権 兼 全日本大学選手権,48,女子シングルスカル,HeatA組,10/29 08:30,4,早稲田大学,02:08.93,04:19.08,06:33.42,08:45.98,5,→Final C(T)
2021,全日本選手権 兼 全日本大学選手権,48,女子シングルスカル,HeatA組,10/29 08:30,5,岐阜協立大学,02:04.69,04:19.38,06:37.60,08:54.11,1,→Final C(T)
2021,全日本選手権 兼 全日本大学選手権,48,女子シングルスカル,HeatA組,10/29 08:30,6,関西学院大学,02:11.78,04:29.16,06:48.14,09:08.96,6,""
2021,全日本選手権 兼 全日本大学選手権,49,女子シングルスカル,HeatB組,10/29 08:40,1,トヨタ自動車,01:58.84,04:03.49,06:11.59,08:22.08,3,→Semi-Final A/B
2021,全日本選手権 兼 全日本大学選手権,49,女子シングルスカル,HeatB組,10/29 08:40,2,美方高校,02:04.68,04:14.28,06:22.99,08:32.82,4,→Semi-Final A/B
2021,全日本選手権 兼 全日本大学選手権,49,女子シングルスカル,HeatB組,10/29 08:40,3,南山大学,02:10.18,04:23.29,06:37.00,08:46.69,5,→Semi-Final A/B
2021,全日本選手権 兼 全日本大学選手権,49,女子シングルスカル,HeatB組,10/29 08:40,4,名古屋大学,02:03.67,04:14.55,06:30.84,08:47.59,2,→Final C(T)
2021,全日本選手権 兼 全日本大学選手権,49,女子シングルスカル,HeatB組,10/29 08:40,5,法政大学,02:09.94,04:25.24,06:42.40,08:55.60,1,→Final C(T)
2021,全日本選手権 兼 全日本大学選手権,49,女子シングルスカル,HeatB組,10/29 08:40,6,滋賀大学教育学部,02:11.04,04:30.75,06:52.73,09:16.09,6,""
2021,全日本選手権 兼 全日本大学選手権,50,女子シングルスカル,HeatC組,10/29 08:50,1,NTT東日本,02:00.54,04:05.43,06:14.45,08:22.43,3,→Semi-Final A/B
2021,全日本選手権 兼 全日本大学選手権,50,女子シングルスカル,HeatC組,10/29 08:50,2,龍谷大学,02:06.02,04:15.55,06:28.32,08:39.41,4,→Semi-Final A/B
2021,全日本選手権 兼 全日本大学選手権,50,女子シングルスカル,HeatC組,10/29 08:50,3,富山国際大学,02:06.24,04:16.24,06:31.05,08:41.00,5,→Semi-Final A/B
2021,全日本選手権 兼 全日本大学選手権,50,女子シングルスカル,HeatC組,10/29 08:50,4,東京経済大学,02:07.18,04:17.48,06:31.99,08:41.52,2,→Final C(T)
2021,全日本選手権 兼 全日本大学選手権,50,女子シングルスカル,HeatC組,10/29 08:50,5,名古屋工業大学,02:12.46,04:28.85,06:49.60,09:08.58,1,→Final C(T)
2021,全日本選手権 兼 全日本大学選手権,50,女子シングルスカル,HeatC組,10/29 08:50,6,藤女子大学,02:14.86,04:33.88,06:56.46,09:18.00,6,""
2021,全日本選手権 兼 全日本大学選手権,51,女子シングルスカル,HeatD組,10/29 09:00,1,陽進堂,02:05.28,04:11.28,06:19.90,08:27.02,3,→Semi-Final A/B
2021,全日本選手権 兼 全日本大学選手権,51,女子シングルスカル,HeatD組,10/29 09:00,2,デンソー,02:05.90,04:13.64,06:21.77,08:31.57,4,→Semi-Final A/B
2021,全日本選手権 兼 全日本大学選手権,51,女子シングルスカル,HeatD組,10/29 09:00,3,トヨタRC,02:05.48,04:14.38,06:27.48,08:38.11,2,→Semi-Final A/B
2021,全日本選手権 兼 全日本大学選手権,51,女子シングルスカル,HeatD組,10/29 09:00,4,今治造船,02:08.54,04:18.94,06:31.46,08:39.51,5,""
2021,全日本選手権 兼 全日本大学選手権,51,女子シングルスカル,HeatD組,10/29 09:00,5,京都大学,02:13.44,04:29.59,06:49.26,09:09.40,6,""
2021,全日本選手権 兼 全日本大学選手権,51,女子シングルスカル,HeatD組,10/29 09:00,6,一橋大学,02:13.73,04:31.29,06:50.10,09:09.83,1,""
2021,全日本選手権 兼 全日本大学選手権,52,女子ダブルスカル,RepechageA組,10/29 09:10,1,中部電力,01:51.12,03:47.46,05:44.45,07:40.90,3,→Semi-Final A/B
2021,全日本選手権 兼 全日本大学選手権,52,女子ダブルスカル,RepechageA組,10/29 09:10,2,富山国際大学,01:55.87,03:51.90,05:49.60,07:46.02,4,→Semi-Final A/B
2021,全日本選手権 兼 全日本大学選手権,52,女子ダブルスカル,RepechageA組,10/29 09:10,3,立命館大学,01:54.48,03:52.64,05:52.25,07:47.90,2,→Final C(T)
2021,全日本選手権 兼 全日本大学選手権,52,女子ダブルスカル,RepechageA組,10/29 09:10,4,鹿屋体育大学,01:58.20,04:00.72,06:05.86,08:07.47,5,→Final C(T)
2021,全日本選手権 兼 全日本大学選手権,52,女子ダブルスカル,RepechageA組,10/29 09:10,5,瀬田漕艇クラブ,02:00.40,04:04.86,06:10.23,08:12.17,1,""
2021,全日本選手権 兼 全日本大学選手権,52,女子ダブルスカル,RepechageA組,10/29 09:10,0,"","","","","",0,""
2021,全日本選手権 兼 全日本大学選手権,53,女子ダブルスカル,RepechageB組,10/29 09:18,1,日本体育大学,01:52.64,03:48.58,05:46.67,07:45.36,3,→Semi-Final A/B
2021,全日本選手権 兼 全日本大学選手権,53,女子ダブルスカル,RepechageB組,10/29 09:18,2,立教大学,01:54.26,03:52.45,05:53.52,07:52.96,4,→Semi-Final A/B
2021,全日本選手権 兼 全日本大学選手権,53,女子ダブルスカル,RepechageB組,10/29 09:18,3,明治大学,01:55.18,03:55.05,06:00.11,08:01.39,2,→Final C(T)
2021,全日本選手権 兼 全日本大学選手権,53,女子ダブルスカル,RepechageB組,10/29 09:18,4,法政大学,01:59.49,04:00.66,06:05.53,08:07.14,5,→Final C(T)
2021,全日本選手権 兼 全日本大学選手権,53,女子ダブルスカル,RepechageB組,10/29 09:18,5,龍谷大学,01:57.05,04:01.28,06:10.19,08:14.00,1,→Final C(T)
2021,全日本選手権 兼 全日本大学選手権,53,女子ダブルスカル,RepechageB組,10/29 09:18,0,"","","","","",0,""
2021,全日本選手権 兼 全日本大学選手権,54,女子ダブルスカル,RepechageC組,10/29 09:26,1,明治安田生命,01:52.01,03:46.59,05:46.53,07:46.57,3,→Semi-Final A/B
2021,全日本選手権 兼 全日本大学選手権,54,女子ダブルスカル,RepechageC組,10/29 09:26,2,慶應義塾大学,01:53.91,03:52.03,05:55.12,07:58.48,4,→Semi-Final A/B
2021,全日本選手権 兼 全日本大学選手権,54,女子ダブルスカル,RepechageC組,10/29 09:26,3,加茂高校,02:04.24,04:06.05,06:08.66,08:08.92,2,""
2021,全日本選手権 兼 全日本大学選手権,54,女子ダブルスカル,RepechageC組,10/29 09:26,4,大阪市立大学,02:02.87,04:04.34,06:09.28,08:09.00,5,→Final C(T)
2021,全日本選手権 兼 全日本大学選手権,54,女子ダブルスカル,RepechageC組,10/29 09:26,5,仙台大学,02:01.42,04:05.20,06:10.34,08:16.90,1,""
2021,全日本選手権 兼 全日本大学選手権,54,女子ダブルスカル,RepechageC組,10/29 09:26,0,"","","","","",0,""
2021,全日本選手権 兼 全日本大学選手権,55,女子ダブルスカル,RepechageD組,10/29 09:34,1,美方高校,01:53.14,03:53.26,05:54.47,07:53.75,4,→Semi-Final A/B
2021,全日本選手権 兼 全日本大学選手権,55,女子ダブルスカル,RepechageD組,10/29 09:34,2,中央大学,01:57.60,03:57.57,05:58.62,07:55.89,3,→Semi-Final A/B
2021,全日本選手権 兼 全日本大学選手権,55,女子ダブルスカル,RepechageD組,10/29 09:34,3,同志社大学,02:00.49,04:05.65,06:13.39,08:16.49,2,""
2021,全日本選手権 兼 全日本大学選手権,55,女子ダブルスカル,RepechageD組,10/29 09:34,4,大阪府立大学,02:00.12,04:07.55,06:18.36,08:21.26,5,""
2021,全日本選手権 兼 全日本大学選手権,55,女子ダブルスカル,RepechageD組,10/29 09:34,5,わたらせRC,02:00.95,04:15.35,06:34.85,08:49.03,1,""
2021,全日本選手権 兼 全日本大学選手権,55,女子ダブルスカル,RepechageD組,10/29 09:34,0,"","","","","",0,""
2021,全日本選手権 兼 全日本大学選手権,56,女子ペア,RepechageA組,10/29 09:50,1,立命館大学,02:01.56,04:05.99,06:14.34,08:18.73,3,→Semi-Final A/B
2021,全日本選手権 兼 全日本大学選手権,56,女子ペア,RepechageA組,10/29 09:50,2,中央大学,02:05.78,04:11.07,06:21.09,08:26.30,5,→Semi-Final A/B
2021,全日本選手権 兼 全日本大学選手権,56,女子ペア,RepechageA組,10/29 09:50,3,仙台大学,02:06.01,04:13.79,06:24.33,08:27.82,4,→Semi-Final A/B
2021,全日本選手権 兼 全日本大学選手権,56,女子ペア,RepechageA組,10/29 09:50,4,関西学院大学,02:02.32,04:10.78,06:22.40,08:30.05,2,→Semi-Final A/B
2021,全日本選手権 兼 全日本大学選手権,56,女子ペア,RepechageA組,10/29 09:50,5,同志社大学,02:09.20,04:18.47,06:29.73,08:38.59,1,→Final C(T)
2021,全日本選手権 兼 全日本大学選手権,56,女子ペア,RepechageA組,10/29 09:50,6,慶應義塾大学,02:05.56,04:13.55,06:30.28,08:45.68,6,→Final C(T)
2021,全日本選手権 兼 全日本大学選手権,57,女子ペア,RepechageB組,10/29 10:00,1,早稲田大学,02:01.33,04:04.85,06:11.97,08:19.67,3,→Semi-Final A/B
2021,全日本選手権 兼 全日本大学選手権,57,女子ペア,RepechageB組,10/29 10:00,2,明治大学,02:01.61,04:06.27,06:15.29,08:24.66,2,→Semi-Final A/B
2021,全日本選手権 兼 全日本大学選手権,57,女子ペア,RepechageB組,10/29 10:00,3,龍谷大学,02:06.15,04:11.12,06:20.16,08:28.94,4,→Semi-Final A/B
2021,全日本選手権 兼 全日本大学選手権,57,女子ペア,RepechageB組,10/29 10:00,4,一橋大学,02:04.15,04:08.42,06:19.62,08:33.74,5,→Semi-Final A/B
2021,全日本選手権 兼 全日本大学選手権,57,女子ペア,RepechageB組,10/29 10:00,5,法政大学,02:04.41,04:11.38,06:24.81,08:37.39,6,→Final C(T)
2021,全日本選手権 兼 全日本大学選手権,57,女子ペア,RepechageB組,10/29 10:00,6,東北大学,02:05.32,04:16.02,06:28.96,08:38.64,1,→Final C(T)
2021,全日本選手権 兼 全日本大学選手権,58,女子クォドルプル,RepechageA組,10/29 10:20,1,早稲田大学,01:41.89,03:30.30,05:22.18,07:09.69,3,→Semi-Final A/B
2021,全日本選手権 兼 全日本大学選手権,58,女子クォドルプル,RepechageA組,10/29 10:20,2,中部電力,01:48.28,03:41.19,05:34.28,07:22.58,4,→Semi-Final A/B
2021,全日本選手権 兼 全日本大学選手権,58,女子クォドルプル,RepechageA組,10/29 10:20,3,法政大学,01:49.61,03:39.71,05:33.34,07:25.03,2,→Semi-Final A/B
2021,全日本選手権 兼 全日本大学選手権,58,女子クォドルプル,RepechageA組,10/29 10:20,4,龍谷大学,01:48.88,03:42.49,05:39.83,07:38.66,1,→Semi-Final A/B
2021,全日本選手権 兼 全日本大学選手権,58,女子クォドルプル,RepechageA組,10/29 10:20,5,関西大学,01:50.21,03:49.36,05:50.93,07:52.35,5,→Final C(T)
2021,全日本選手権 兼 全日本大学選手権,58,女子クォドルプル,RepechageA組,10/29 10:20,6,関西学院大学,01:57.74,04:00.19,06:06.09,08:07.64,6,→Final C(T)
2021,全日本選手権 兼 全日本大学選手権,59,女子クォドルプル,RepechageB組,10/29 10:28,1,デンソー,01:42.96,03:28.41,05:18.90,07:09.29,3,→Semi-Final A/B
2021,全日本選手権 兼 全日本大学選手権,59,女子クォドルプル,RepechageB組,10/29 10:28,2,中央大学,01:45.50,03:31.43,05:23.46,07:14.26,4,→Semi-Final A/B
2021,全日本選手権 兼 全日本大学選手権,59,女子クォドルプル,RepechageB組,10/29 10:28,3,同志社大学,01:48.30,03:40.33,05:35.16,07:29.48,5,→Semi-Final A/B
2021,全日本選手権 兼 全日本大学選手権,59,女子クォドルプル,RepechageB組,10/29 10:28,4,富山国際大学,01:50.54,03:43.24,05:38.72,07:32.85,2,→Semi-Final A/B
2021,全日本選手権 兼 全日本大学選手権,59,女子クォドルプル,RepechageB組,10/29 10:28,5,神戸大学,01:52.58,03:45.90,05:48.40,07:48.08,1,→Final C(T)
2021,全日本選手権 兼 全日本大学選手権,59,女子クォドルプル,RepechageB組,10/29 10:28,6,北海道大学,01:56.04,03:53.15,05:56.80,07:58.87,6,→Final C(T)
2021,全日本選手権 兼 全日本大学選手権,60,女子舵手つきフォア,HeatA組,10/29 10:36,1,一橋大学,01:52.76,03:48.45,05:43.48,07:39.09,2,→Final A
2021,全日本選手権 兼 全日本大学選手権,60,女子舵手つきフォア,HeatA組,10/29 10:36,2,立教大学,01:55.06,03:50.61,05:46.39,07:42.97,5,""
2021,全日本選手権 兼 全日本大学選手権,60,女子舵手つきフォア,HeatA組,10/29 10:36,3,早稲田大学,01:50.39,03:47.46,05:46.72,07:47.74,3,""
2021,全日本選手権 兼 全日本大学選手権,60,女子舵手つきフォア,HeatA組,10/29 10:36,4,慶應義塾大学,01:55.91,03:55.09,05:53.70,07:57.31,4,""
2021,全日本選手権 兼 全日本大学選手権,60,女子舵手つきフォア,HeatA組,10/29 10:36,5,京都大学,02:02.76,04:10.75,06:21.03,08:27.25,1,""
2021,全日本選手権 兼 全日本大学選手権,60,女子舵手つきフォア,HeatA組,10/29 10:36,0,"","","","","",0,""
2021,全日本選手権 兼 全日本大学選手権,61,女子舵手つきフォア,HeatB組,10/29 10:44,1,立命館大学,01:53.59,03:46.80,05:41.29,07:36.83,3,→Final A
2021,全日本選手権 兼 全日本大学選手権,61,女子舵手つきフォア,HeatB組,10/29 10:44,2,日本体育大学,01:56.15,03:50.08,05:45.93,07:44.55,1,""
2021,全日本選手権 兼 全日本大学選手権,61,女子舵手つきフォア,HeatB組,10/29 10:44,3,神戸大学,01:55.23,03:51.06,05:49.05,07:52.10,4,""
2021,全日本選手権 兼 全日本大学選手権,61,女子舵手つきフォア,HeatB組,10/29 10:44,4,明治大学,01:56.88,03:55.20,05:54.21,07:56.06,2,""
2021,全日本選手権 兼 全日本大学選手権,61,女子舵手つきフォア,HeatB組,10/29 10:44,0,"","","","","",0,""
2021,全日本選手権 兼 全日本大学選手権,61,女子舵手つきフォア,HeatB組,10/29 10:44,0,"","","","","",0,""
2021,全日本選手権 兼 全日本大学選手権,62,男子シングルスカル,HeatA組,10/29 10:52,1,仙台大学,01:46.87,03:39.22,05:36.12,07:31.82,3,→Semi-Final A/B
2021,全日本選手権 兼 全日本大学選手権,62,男子シングルスカル,HeatA組,10/29 10:52,2,愛媛大学,01:52.45,03:47.58,05:46.74,07:37.03,4,→Semi-Final A/B
2021,全日本選手権 兼 全日本大学選手権,62,男子シングルスカル,HeatA組,10/29 10:52,3,明治安田生命,01:49.25,03:44.07,05:44.05,07:39.11,2,→Semi-Final A/B
2021,全日本選手権 兼 全日本大学選手権,62,男子シングルスカル,HeatA組,10/29 10:52,4,慶應義塾大学,01:55.29,03:50.59,05:50.80,07:46.77,5,→Final C(T)
2021,全日本選手権 兼 全日本大学選手権,62,男子シングルスカル,HeatA組,10/29 10:52,5,東海大学,01:49.68,03:45.75,05:48.44,07:48.24,1,→Final C(T)
2021,全日本選手権 兼 全日本大学選手権,62,男子シングルスカル,HeatA組,10/29 10:52,6,瀬田漕艇クラブ,01:56.30,03:54.11,05:57.97,08:00.31,6,""
2021,全日本選手権 兼 全日本大学選手権,63,男子シングルスカル,HeatB組,10/29 11:02,1,MaxBC,01:47.34,03:39.70,05:36.08,07:33.18,3,→Semi-Final A/B
2021,全日本選手権 兼 全日本大学選手権,63,男子シングルスカル,HeatB組,10/29 11:02,2,松江工業高等専門学校,01:47.59,03:42.11,05:40.16,07:37.31,2,→Semi-Final A/B
2021,全日本選手権 兼 全日本大学選手権,63,男子シングルスカル,HeatB組,10/29 11:02,3,富山国際大学,01:48.56,03:41.37,05:41.36,07:43.30,4,→Semi-Final A/B
2021,全日本選手権 兼 全日本大学選手権,63,男子シングルスカル,HeatB組,10/29 11:02,4,今治造船,01:49.51,03:44.40,05:46.18,07:45.90,5,""
2021,全日本選手権 兼 全日本大学選手権,63,男子シングルスカル,HeatB組,10/29 11:02,5,鹿屋体育大学,01:52.42,03:49.00,05:49.95,07:50.11,6,→Final C(T)
2021,全日本選手権 兼 全日本大学選手権,63,男子シングルスカル,HeatB組,10/29 11:02,6,広島大学,01:52.21,03:50.01,05:51.83,07:51.71,1,→Final C(T)
2021,全日本選手権 兼 全日本大学選手権,64,男子シングルスカル,HeatC組,10/29 11:12,1,日本製鉄,01:47.97,03:41.54,05:38.82,07:31.84,3,→Semi-Final A/B
2021,全日本選手権 兼 全日本大学選手権,64,男子シングルスカル,HeatC組,10/29 11:12,2,松山東高校,01:50.67,03:45.24,05:43.82,07:37.38,2,→Semi-Final A/B
2021,全日本選手権 兼 全日本大学選手権,64,男子シングルスカル,HeatC組,10/29 11:12,3,三重選抜,01:51.62,03:47.10,05:45.79,07:41.02,4,→Semi-Final A/B
2021,全日本選手権 兼 全日本大学選手権,64,男子シングルスカル,HeatC組,10/29 11:12,4,チョープロ,01:50.31,03:46.72,05:49.13,07:47.12,1,""
2021,全日本選手権 兼 全日本大学選手権,64,男子シングルスカル,HeatC組,10/29 11:12,5,龍谷大学,01:52.40,03:52.34,05:53.79,07:48.94,5,→Final C(T)
2021,全日本選手権 兼 全日本大学選手権,64,男子シングルスカル,HeatC組,10/29 11:12,6,成城大学,01:55.41,03:54.15,05:56.65,07:56.02,6,→Final C(T)
2021,全日本選手権 兼 全日本大学選手権,65,男子シングルスカル,HeatD組,10/29 11:22,1,日本体育大学,01:48.64,03:41.62,05:36.92,07:35.92,4,→Semi-Final A/B
2021,全日本選手権 兼 全日本大学選手権,65,男子シングルスカル,HeatD組,10/29 11:22,2,トヨタ紡織,01:47.68,03:40.91,05:38.71,07:39.59,2,→Semi-Final A/B
2021,全日本選手権 兼 全日本大学選手権,65,男子シングルスカル,HeatD組,10/29 11:22,3,日本大学,01:49.03,03:42.60,05:40.84,07:45.45,3,→Semi-Final A/B
2021,全日本選手権 兼 全日本大学選手権,65,男子シングルスカル,HeatD組,10/29 11:22,4,関西電力,01:52.07,03:47.39,05:47.04,07:47.46,5,""
2021,全日本選手権 兼 全日本大学選手権,65,男子シングルスカル,HeatD組,10/29 11:22,5,トヨタRC,01:50.82,03:47.70,05:48.45,07:49.43,6,""
2021,全日本選手権 兼 全日本大学選手権,65,男子シングルスカル,HeatD組,10/29 11:22,6,東京経済大学,01:53.14,03:54.08,05:59.05,08:02.57,1,""
2021,全日本選手権 兼 全日本大学選手権,66,男子ダブルスカル,RepechageA組,10/29 11:32,1,富山国際大学,01:42.59,03:25.81,05:11.67,06:59.26,3,→Semi-Final A/B
2021,全日本選手権 兼 全日本大学選手権,66,男子ダブルスカル,RepechageA組,10/29 11:32,2,仙台大学,01:46.14,03:35.04,05:23.09,07:11.82,4,→Semi-Final A/B
2021,全日本選手権 兼 全日本大学選手権,66,男子ダブルスカル,RepechageA組,10/29 11:32,3,日本大学,01:44.41,03:34.47,05:25.54,07:14.02,2,→Final C(T)
2021,全日本選手権 兼 全日本大学選手権,66,男子ダブルスカル,RepechageA組,10/29 11:32,4,追手門学院大学,01:52.28,03:46.14,05:42.57,07:37.93,5,""
2021,全日本選手権 兼 全日本大学選手権,66,男子ダブルスカル,RepechageA組,10/29 11:32,5,大阪市立大学,01:57.67,03:54.71,05:54.18,07:49.84,1,""
2021,全日本選手権 兼 全日本大学選手権,66,男子ダブルスカル,RepechageA組,10/29 11:32,0,"","","","","",0,""
2021,全日本選手権 兼 全日本大学選手権,67,男子ダブルスカル,RepechageB組,10/29 11:40,1,今治造船,01:43.12,03:27.34,05:15.26,07:02.14,3,→Semi-Final A/B
2021,全日本選手権 兼 全日本大学選手権,67,男子ダブルスカル,RepechageB組,10/29 11:40,2,龍谷大学,01:45.88,03:32.98,05:23.13,07:11.20,4,→Semi-Final A/B
2021,全日本選手権 兼 全日本大学選手権,67,男子ダブルスカル,RepechageB組,10/29 11:40,3,早稲田大学理工漕艇部,01:47.46,03:35.66,05:26.01,07:13.12,2,→Final C(T)
2021,全日本選手権 兼 全日本大学選手権,67,男子ダブルスカル,RepechageB組,10/29 11:40,4,一橋大学,01:52.88,03:46.68,05:42.50,07:34.76,5,→Final C(T)
2021,全日本選手権 兼 全日本大学選手権,67,男子ダブルスカル,RepechageB組,10/29 11:40,5,学習院大学,01:51.28,03:43.80,05:41.95,07:41.32,1,""
2021,全日本選手権 兼 全日本大学選手権,67,男子ダブルスカル,RepechageB組,10/29 11:40,0,"","","","","",0,""
2021,全日本選手権 兼 全日本大学選手権,68,男子ダブルスカル,RepechageC組,10/29 11:48,1,美方高校,01:45.68,03:33.89,05:23.43,07:14.23,3,→Semi-Final A/B
2021,全日本選手権 兼 全日本大学選手権,68,男子ダブルスカル,RepechageC組,10/29 11:48,2,警視庁,01:45.22,03:32.22,05:21.88,07:16.44,4,→Semi-Final A/B
2021,全日本選手権 兼 全日本大学選手権,68,男子ダブルスカル,RepechageC組,10/29 11:48,3,岐阜協立大学,01:47.86,03:37.12,05:28.76,07:24.39,2,→Final C(T)
2021,全日本選手権 兼 全日本大学選手権,68,男子ダブルスカル,RepechageC組,10/29 11:48,4,立教大学,01:51.57,03:44.20,05:42.31,07:45.37,5,""
2021,全日本選手権 兼 全日本大学選手権,68,男子ダブルスカル,RepechageC組,10/29 11:48,5,同志社大学,01:50.28,03:46.62,05:46.18,07:47.70,1,""
2021,全日本選手権 兼 全日本大学選手権,68,男子ダブルスカル,RepechageC組,10/29 11:48,0,"","","","","",0,""
2021,全日本選手権 兼 全日本大学選手権,69,男子ダブルスカル,RepechageD組,10/29 11:56,1,明治大学,01:40.99,03:25.88,05:13.39,07:00.45,3,→Semi-Final A/B
2021,全日本選手権 兼 全日本大学選手権,69,男子ダブルスカル,RepechageD組,10/29 11:56,2,立命館大学,01:43.48,03:28.44,05:16.33,07:03.21,4,→Semi-Final A/B
2021,全日本選手権 兼 全日本大学選手権,69,男子ダブルスカル,RepechageD組,10/29 11:56,3,慶應義塾大学,01:46.86,03:37.30,05:32.23,07:26.68,2,→Final C(T)
2021,全日本選手権 兼 全日本大学選手権,69,男子ダブルスカル,RepechageD組,10/29 11:56,4,法政大学,01:48.20,03:38.08,05:33.12,07:28.43,5,→Final C(T)
2021,全日本選手権 兼 全日本大学選手権,69,男子ダブルスカル,RepechageD組,10/29 11:56,5,関西大学,01:46.07,03:40.60,05:43.86,07:49.83,1,""
2021,全日本選手権 兼 全日本大学選手権,69,男子ダブルスカル,RepechageD組,10/29 11:56,0,"","","","","",0,""
2021,全日本選手権 兼 全日本大学選手権,70,男子ペア,RepechageA組,10/29 12:04,1,東北大学,01:45.93,03:34.43,05:27.86,07:22.99,3,→Semi-Final A/B
2021,全日本選手権 兼 全日本大学選手権,70,男子ペア,RepechageA組,10/29 12:04,2,ひた市,01:46.48,03:40.01,05:32.30,07:25.72,2,→Semi-Final A/B
2021,全日本選手権 兼 全日本大学選手権,70,男子ペア,RepechageA組,10/29 12:04,3,三重選抜,01:52.07,03:44.53,05:37.52,07:29.11,5,""
2021,全日本選手権 兼 全日本大学選手権,70,男子ペア,RepechageA組,10/29 12:04,4,金沢大学,01:49.66,03:44.16,05:39.32,07:32.88,4,→Final C(T)
2021,全日本選手権 兼 全日本大学選手権,70,男子ペア,RepechageA組,10/29 12:04,5,中部電力,01:50.83,03:44.87,05:40.41,07:38.65,1,""
2021,全日本選手権 兼 全日本大学選手権,70,男子ペア,RepechageA組,10/29 12:04,0,"","","","","",0,""
2021,全日本選手権 兼 全日本大学選手権,71,男子ペア,RepechageB組,10/29 12:14,1,日本製鉄,01:50.68,03:42.13,05:37.27,07:30.99,3,→Semi-Final A/B
2021,全日本選手権 兼 全日本大学選手権,71,男子ペア,RepechageB組,10/29 12:14,2,法政大学,01:51.59,03:41.14,05:37.03,07:33.06,2,→Semi-Final A/B
2021,全日本選手権 兼 全日本大学選手権,71,男子ペア,RepechageB組,10/29 12:14,3,一橋大学,01:51.40,03:44.66,05:41.47,07:36.05,4,→Final C(T)
2021,全日本選手権 兼 全日本大学選手権,71,男子ペア,RepechageB組,10/29 12:14,4,慶應義塾大学,01:57.31,03:52.37,05:49.13,07:43.32,5,→Final C(T)
2021,全日本選手権 兼 全日本大学選手権,71,男子ペア,RepechageB組,10/29 12:14,5,京都大学,01:52.86,03:48.48,05:48.14,07:43.99,1,→Final C(T)
2021,全日本選手権 兼 全日本大学選手権,71,男子ペア,RepechageB組,10/29 12:14,0,"","","","","",0,""
2021,全日本選手権 兼 全日本大学選手権,72,男子ペア,RepechageC組,10/29 12:24,1,明治大学,01:41.62,03:30.89,05:26.96,07:25.60,3,→Semi-Final A/B
2021,全日本選手権 兼 全日本大学選手権,72,男子ペア,RepechageC組,10/29 12:24,2,東京経済大学,01:48.45,03:38.73,05:34.79,07:30.47,4,→Semi-Final A/B
2021,全日本選手権 兼 全日本大学選手権,72,男子ペア,RepechageC組,10/29 12:24,3,日本体育大学,01:49.23,03:41.09,05:37.83,07:34.08,2,→Final C(T)
2021,全日本選手権 兼 全日本大学選手権,72,男子ペア,RepechageC組,10/29 12:24,4,大阪市立大学,01:53.18,03:48.92,05:54.07,07:56.05,5,""
2021,全日本選手権 兼 全日本大学選手権,72,男子ペア,RepechageC組,10/29 12:24,5,同志社大学,01:48.05,03:43.21,05:48.79,08:10.47,1,""
2021,全日本選手権 兼 全日本大学選手権,72,男子ペア,RepechageC組,10/29 12:24,0,"","","","","",0,""
2021,全日本選手権 兼 全日本大学選手権,73,男子ペア,RepechageD組,10/29 12:34,1,仙台大学,01:45.01,03:36.26,05:29.85,07:24.21,4,→Semi-Final A/B
2021,全日本選手権 兼 全日本大学選手権,73,男子ペア,RepechageD組,10/29 12:34,2,大阪大学,01:48.51,03:42.36,05:37.31,07:33.15,3,→Semi-Final A/B
2021,全日本選手権 兼 全日本大学選手権,73,男子ペア,RepechageD組,10/29 12:34,3,筑波大学,01:50.50,03:44.11,05:41.33,07:37.08,2,→Final C(T)
2021,全日本選手権 兼 全日本大学選手権,73,男子ペア,RepechageD組,10/29 12:34,4,東京大学,01:53.71,03:48.72,05:47.92,07:45.30,5,""
2021,全日本選手権 兼 全日本大学選手権,73,男子ペア,RepechageD組,10/29 12:34,5,立教大学,01:56.58,03:56.38,06:00.15,08:02.33,1,""
2021,全日本選手権 兼 全日本大学選手権,73,男子ペア,RepechageD組,10/29 12:34,0,"","","","","",0,""
2021,全日本選手権 兼 全日本大学選手権,74,男子クォドルプル,HeatA組,10/29 12:44,1,NTT東日本,01:30.74,03:04.58,04:41.81,06:23.69,3,→Semi-Final A/B
2021,全日本選手権 兼 全日本大学選手権,74,男子クォドルプル,HeatA組,10/29 12:44,2,一橋大学,01:33.54,03:09.05,04:52.50,06:32.46,2,→Semi-Final A/B
2021,全日本選手権 兼 全日本大学選手権,74,男子クォドルプル,HeatA組,10/29 12:44,3,立命館大学,01:35.44,03:13.86,04:54.95,06:33.23,4,→Semi-Final A/B
2021,全日本選手権 兼 全日本大学選手権,74,男子クォドルプル,HeatA組,10/29 12:44,4,立教大学,01:36.10,03:15.86,05:00.76,06:45.19,5,→Final C(T)
2021,全日本選手権 兼 全日本大学選手権,74,男子クォドルプル,HeatA組,10/29 12:44,5,京都大学医学部,01:38.55,03:20.72,05:09.05,06:56.41,1,→Final C(T)
2021,全日本選手権 兼 全日本大学選手権,74,男子クォドルプル,HeatA組,10/29 12:44,6,南山大学,01:43.54,03:28.89,05:23.74,07:16.28,6,""
2021,全日本選手権 兼 全日本大学選手権,75,男子クォドルプル,HeatB組,10/29 12:52,1,明治大学,01:33.40,03:08.46,04:45.23,06:19.84,3,→Semi-Final A/B
2021,全日本選手権 兼 全日本大学選手権,75,男子クォドルプル,HeatB組,10/29 12:52,2,日本大学,01:34.80,03:11.71,04:48.10,06:24.38,2,→Semi-Final A/B
2021,全日本選手権 兼 全日本大学選手権,75,男子クォドルプル,HeatB組,10/29 12:52,3,日本体育大学,01:34.40,03:12.06,04:51.33,06:30.51,4,→Semi-Final A/B
2021,全日本選手権 兼 全日本大学選手権,75,男子クォドルプル,HeatB組,10/29 12:52,4,東北大学,01:39.61,03:20.18,05:05.69,06:52.13,1,→Final C(T)
2021,全日本選手権 兼 全日本大学選手権,75,男子クォドルプル,HeatB組,10/29 12:52,5,京都大学,01:41.02,03:27.08,05:12.18,06:54.15,5,→Final C(T)
2021,全日本選手権 兼 全日本大学選手権,75,男子クォドルプル,HeatB組,10/29 12:52,6,東京外国語大学,01:40.50,03:27.92,05:16.25,07:01.82,6,""
2021,全日本選手権 兼 全日本大学選手権,76,男子クォドルプル,HeatC組,10/29 13:00,1,富山国際大学,01:32.20,03:06.96,04:43.74,06:20.32,3,→Semi-Final A/B
2021,全日本選手権 兼 全日本大学選手権,76,男子クォドルプル,HeatC組,10/29 13:00,2,東京経済大学,01:33.34,03:09.45,04:46.56,06:23.06,4,→Semi-Final A/B
2021,全日本選手権 兼 全日本大学選手権,76,男子クォドルプル,HeatC組,10/29 13:00,3,慶應義塾大学,01:36.85,03:12.12,04:51.72,06:35.69,5,→Semi-Final A/B
2021,全日本選手権 兼 全日本大学選手権,76,男子クォドルプル,HeatC組,10/29 13:00,4,法政大学,01:36.62,03:17.80,05:04.72,06:49.38,2,→Final C(T)
2021,全日本選手権 兼 全日本大学選手権,76,男子クォドルプル,HeatC組,10/29 13:00,5,同志社大学,01:41.58,03:26.48,05:15.21,06:57.99,1,→Final C(T)
2021,全日本選手権 兼 全日本大学選手権,76,男子クォドルプル,HeatC組,10/29 13:00,6,東京大学,01:42.97,03:28.25,05:17.33,07:02.50,6,""
2021,全日本選手権 兼 全日本大学選手権,77,男子クォドルプル,HeatD組,10/29 13:08,1,仙台大学,01:32.86,03:10.51,04:50.43,06:28.40,4,→Semi-Final A/B
2021,全日本選手権 兼 全日本大学選手権,77,男子クォドルプル,HeatD組,10/29 13:08,2,龍谷大学,01:36.70,03:16.81,04:56.70,06:34.97,3,→Semi-Final A/B
2021,全日本選手権 兼 全日本大学選手権,77,男子クォドルプル,HeatD組,10/29 13:08,3,東海大学,01:35.74,03:14.48,04:56.45,06:37.80,5,→Semi-Final A/B
2021,全日本選手権 兼 全日本大学選手権,77,男子クォドルプル,HeatD組,10/29 13:08,4,警視庁,01:36.15,03:14.80,04:58.07,06:46.42,2,""
2021,全日本選手権 兼 全日本大学選手権,77,男子クォドルプル,HeatD組,10/29 13:08,5,近畿大学,01:40.37,03:24.94,05:15.48,07:03.06,1,""
2021,全日本選手権 兼 全日本大学選手権,77,男子クォドルプル,HeatD組,10/29 13:08,6,大阪大学,01:43.77,03:30.46,05:18.41,07:04.79,6,""
2021,全日本選手権 兼 全日本大学選手権,78,男子フォア,RepechageA組,10/29 13:16,1,関西電力,01:34.06,03:13.23,04:54.77,06:37.68,3,→Semi-Final A/B
2021,全日本選手権 兼 全日本大学選手権,78,男子フォア,RepechageA組,10/29 13:16,2,中央大学,01:34.93,03:16.07,04:59.92,06:40.62,4,→Semi-Final A/B
2021,全日本選手権 兼 全日本大学選手権,78,男子フォア,RepechageA組,10/29 13:16,3,日本体育大学,01:38.71,03:19.85,05:02.87,06:42.88,2,→Final C(T)
2021,全日本選手権 兼 全日本大学選手権,78,男子フォア,RepechageA組,10/29 13:16,4,法政大学,01:44.23,03:32.85,05:23.85,07:14.50,5,""
2021,全日本選手権 兼 全日本大学選手権,78,男子フォア,RepechageA組,10/29 13:16,5,名古屋大学,01:43.29,03:35.01,05:27.65,07:19.60,1,""
2021,全日本選手権 兼 全日本大学選手権,78,男子フォア,RepechageA組,10/29 13:16,0,"","","","","",0,""
2021,全日本選手権 兼 全日本大学選手権,79,男子フォア,RepechageB組,10/29 13:24,1,慶應義塾大学,01:40.25,03:23.41,05:07.72,06:51.10,3,→Semi-Final A/B
2021,全日本選手権 兼 全日本大学選手権,79,男子フォア,RepechageB組,10/29 13:24,2,仙台大学,01:40.91,03:25.11,05:09.44,06:52.72,2,→Semi-Final A/B
2021,全日本選手権 兼 全日本大学選手権,79,男子フォア,RepechageB組,10/29 13:24,3,明治大学,01:40.25,03:27.35,05:11.99,06:55.38,1,→Final C(T)
2021,全日本選手権 兼 全日本大学選手権,79,男子フォア,RepechageB組,10/29 13:24,4,同志社大学,01:46.27,03:34.83,05:23.51,07:16.90,4,""
2021,全日本選手権 兼 全日本大学選手権,79,男子フォア,RepechageB組,10/29 13:24,0,"","","","","",0,""
2021,全日本選手権 兼 全日本大学選手権,79,男子フォア,RepechageB組,10/29 13:24,0,"","","","","",0,""
2021,全日本選手権 兼 全日本大学選手権,80,男子フォア,RepechageC組,10/29 13:32,1,中部電力,01:33.43,03:12.23,04:54.66,06:38.15,3,→Semi-Final A/B
2021,全日本選手権 兼 全日本大学選手権,80,男子フォア,RepechageC組,10/29 13:32,2,東北大学,01:36.20,03:15.78,04:57.89,06:40.74,2,→Semi-Final A/B
2021,全日本選手権 兼 全日本大学選手権,80,男子フォア,RepechageC組,10/29 13:32,3,富山国際大学,01:38.82,03:23.11,05:05.60,06:47.71,1,→Final C(T)
2021,全日本選手権 兼 全日本大学選手権,80,男子フォア,RepechageC組,10/29 13:32,4,早稲田大学,01:39.82,03:21.10,05:05.38,06:49.29,4,→Final C(T)
2021,全日本選手権 兼 全日本大学選手権,80,男子フォア,RepechageC組,10/29 13:32,0,"","","","","",0,""
2021,全日本選手権 兼 全日本大学選手権,80,男子フォア,RepechageC組,10/29 13:32,0,"","","","","",0,""
2021,全日本選手権 兼 全日本大学選手権,81,男子フォア,RepechageD組,10/29 13:40,1,一橋大学,01:36.92,03:20.12,05:07.42,06:50.49,2,→Semi-Final A/B
2021,全日本選手権 兼 全日本大学選手権,81,男子フォア,RepechageD組,10/29 13:40,2,東京経済大学,01:39.25,03:22.85,05:08.69,06:52.66,3,→Semi-Final A/B
2021,全日本選手権 兼 全日本大学選手権,81,男子フォア,RepechageD組,10/29 13:40,3,立命館大学,01:40.04,03:27.50,05:18.00,07:04.77,1,→Final C(T)
2021,全日本選手権 兼 全日本大学選手権,81,男子フォア,RepechageD組,10/29 13:40,4,龍谷大学,01:39.60,03:27.05,05:18.47,07:07.62,4,→Final C(T)
2021,全日本選手権 兼 全日本大学選手権,81,男子フォア,RepechageD組,10/29 13:40,0,"","","","","",0,""
2021,全日本選手権 兼 全日本大学選手権,81,男子フォア,RepechageD組,10/29 13:40,0,"","","","","",0,""
2021,全日本選手権 兼 全日本大学選手権,82,男子舵手つきフォア,RepechageA組,10/29 13:48,1,日本大学,01:39.76,03:21.02,05:04.87,06:47.57,3,→Semi-Final A/B
2021,全日本選手権 兼 全日本大学選手権,82,男子舵手つきフォア,RepechageA組,10/29 13:48,2,日本体育大学,01:43.10,03:22.90,05:07.58,06:51.34,4,→Semi-Final A/B
2021,全日本選手権 兼 全日本大学選手権,82,男子舵手つきフォア,RepechageA組,10/29 13:48,3,同志社大学,01:42.58,03:24.29,05:12.21,06:58.38,2,→Final C(T)
2021,全日本選手権 兼 全日本大学選手権,82,男子舵手つきフォア,RepechageA組,10/29 13:48,4,法政大学,01:48.12,03:32.18,05:20.31,07:06.52,5,→Final C(T)
2021,全日本選手権 兼 全日本大学選手権,82,男子舵手つきフォア,RepechageA組,10/29 13:48,5,大阪市立大学,01:45.21,03:31.26,05:22.35,07:10.29,1,→Final C(T)
2021,全日本選手権 兼 全日本大学選手権,82,男子舵手つきフォア,RepechageA組,10/29 13:48,0,"","","","","",0,""
2021,全日本選手権 兼 全日本大学選手権,83,男子舵手つきフォア,RepechageB組,10/29 13:56,1,NTT東日本,01:38.74,03:22.25,05:08.74,06:56.32,3,→Semi-Final A/B
2021,全日本選手権 兼 全日本大学選手権,83,男子舵手つきフォア,RepechageB組,10/29 13:56,2,明治大学,01:41.42,03:24.52,05:12.11,07:01.18,4,→Semi-Final A/B
2021,全日本選手権 兼 全日本大学選手権,83,男子舵手つきフォア,RepechageB組,10/29 13:56,3,神戸大学,01:41.70,03:25.23,05:16.65,07:08.28,2,→Final C(T)
2021,全日本選手権 兼 全日本大学選手権,83,男子舵手つきフォア,RepechageB組,10/29 13:56,4,京都大学,01:44.96,03:34.77,05:27.39,07:16.94,1,""
2021,全日本選手権 兼 全日本大学選手権,83,男子舵手つきフォア,RepechageB組,10/29 13:56,5,一橋大学,01:44.49,03:33.72,05:27.13,07:18.37,5,""
2021,全日本選手権 兼 全日本大学選手権,83,男子舵手つきフォア,RepechageB組,10/29 13:56,0,"","","","","",0,""
2021,全日本選手権 兼 全日本大学選手権,84,男子舵手つきフォア,RepechageC組,10/29 14:04,1,龍谷大学,01:49.72,03:40.41,05:28.62,07:11.82,3,→Semi-Final A/B
2021,全日本選手権 兼 全日本大学選手権,84,男子舵手つきフォア,RepechageC組,10/29 14:04,2,東北大学,01:48.32,03:39.11,05:27.90,07:11.86,4,→Semi-Final A/B
2021,全日本選手権 兼 全日本大学選手権,84,男子舵手つきフォア,RepechageC組,10/29 14:04,3,東京経済大学,01:51.90,03:40.68,05:29.34,07:14.20,5,→Final C(T)
2021,全日本選手権 兼 全日本大学選手権,84,男子舵手つきフォア,RepechageC組,10/29 14:04,4,立教大学,01:47.75,03:41.14,05:30.52,07:14.73,2,""
2021,全日本選手権 兼 全日本大学選手権,84,男子舵手つきフォア,RepechageC組,10/29 14:04,5,埼玉県警察機動隊,01:51.28,03:49.18,05:45.57,07:41.80,1,""
2021,全日本選手権 兼 全日本大学選手権,84,男子舵手つきフォア,RepechageC組,10/29 14:04,0,"","","","","",0,""
2021,全日本選手権 兼 全日本大学選手権,85,男子舵手つきフォア,RepechageD組,10/29 14:12,1,中部電力,01:44.02,03:30.10,05:19.62,07:07.64,4,→Semi-Final A/B
2021,全日本選手権 兼 全日本大学選手権,85,男子舵手つきフォア,RepechageD組,10/29 14:12,2,東レ滋賀,01:46.21,03:32.13,05:21.07,07:08.92,3,→Semi-Final A/B
2021,全日本選手権 兼 全日本大学選手権,85,男子舵手つきフォア,RepechageD組,10/29 14:12,3,慶應義塾大学,01:44.25,03:33.71,05:23.60,07:10.70,2,→Final C(T)
2021,全日本選手権 兼 全日本大学選手権,85,男子舵手つきフォア,RepechageD組,10/29 14:12,4,学習院大学,01:47.03,03:32.97,05:25.13,07:14.33,5,""
2021,全日本選手権 兼 全日本大学選手権,85,男子舵手つきフォア,RepechageD組,10/29 14:12,5,警視庁,01:54.51,03:52.36,05:50.32,07:46.55,1,""
2021,全日本選手権 兼 全日本大学選手権,85,男子舵手つきフォア,RepechageD組,10/29 14:12,0,"","","","","",0,""
2021,全日本選手権 兼 全日本大学選手権,86,男子エイト,RepechageA組,10/29 14:20,1,日本大学,01:29.05,03:02.12,04:38.25,06:17.72,2,→Semi-Final A/B
2021,全日本選手権 兼 全日本大学選手権,86,男子エイト,RepechageA組,10/29 14:20,2,東北大学,01:32.36,03:10.22,04:51.42,06:33.18,1,→Semi-Final A/B
2021,全日本選手権 兼 全日本大学選手権,86,男子エイト,RepechageA組,10/29 14:20,3,神戸大学,01:30.33,03:09.02,04:51.76,06:36.20,3,→Final C(T)
2021,全日本選手権 兼 全日本大学選手権,86,男子エイト,RepechageA組,10/29 14:20,0,"","","","","",0,""
2021,全日本選手権 兼 全日本大学選手権,86,男子エイト,RepechageA組,10/29 14:20,0,"","","","","",0,""
2021,全日本選手権 兼 全日本大学選手権,86,男子エイト,RepechageA組,10/29 14:20,0,"","","","","",0,""
2021,全日本選手権 兼 全日本大学選手権,87,男子エイト,RepechageB組,10/29 14:28,1,明治大学,01:30.19,03:06.22,04:43.54,06:20.26,2,→Semi-Final A/B
2021,全日本選手権 兼 全日本大学選手権,87,男子エイト,RepechageB組,10/29 14:28,2,同志社大学,01:33.57,03:10.33,04:52.17,06:31.76,3,→Semi-Final A/B
2021,全日本選手権 兼 全日本大学選手権,87,男子エイト,RepechageB組,10/29 14:28,3,中央大学,01:34.03,03:16.16,05:00.39,06:41.38,1,→Final C(T)
2021,全日本選手権 兼 全日本大学選手権,87,男子エイト,RepechageB組,10/29 14:28,0,"","","","","",0,""
2021,全日本選手権 兼 全日本大学選手権,87,男子エイト,RepechageB組,10/29 14:28,0,"","","","","",0,""
2021,全日本選手権 兼 全日本大学選手権,87,男子エイト,RepechageB組,10/29 14:28,0,"","","","","",0,""
2021,全日本選手権 兼 全日本大学選手権,88,男子エイト,RepechageC組,10/29 14:36,1,慶應義塾大学,01:29.81,03:05.76,04:44.13,06:22.15,3,→Semi-Final A/B
2021,全日本選手権 兼 全日本大学選手権,88,男子エイト,RepechageC組,10/29 14:36,2,東京大学,01:34.14,03:12.88,04:53.99,06:32.48,2,→Semi-Final A/B
2021,全日本選手権 兼 全日本大学選手権,88,男子エイト,RepechageC組,10/29 14:36,3,東京工業大学,01:36.15,03:18.85,05:05.58,06:51.71,1,→Final C(T)
2021,全日本選手権 兼 全日本大学選手権,88,男子エイト,RepechageC組,10/29 14:36,4,京都大学,01:52.32,03:49.09,05:42.20,07:33.40,4,→Final C(T)
2021,全日本選手権 兼 全日本大学選手権,88,男子エイト,RepechageC組,10/29 14:36,0,"","","","","",0,""
2021,全日本選手権 兼 全日本大学選手権,88,男子エイト,RepechageC組,10/29 14:36,0,"","","","","",0,""
2021,全日本選手権 兼 全日本大学選手権,89,男子エイト,RepechageD組,10/29 14:44,1,早稲田大学,01:30.27,03:05.00,04:42.61,06:19.36,2,→Semi-Final A/B
2021,全日本選手権 兼 全日本大学選手権,89,男子エイト,RepechageD組,10/29 14:44,2,一橋大学,01:31.25,03:07.97,04:45.88,06:22.62,3,→Semi-Final A/B
2021,全日本選手権 兼 全日本大学選手権,89,男子エイト,RepechageD組,10/29 14:44,3,富山国際大学,01:37.65,03:20.01,05:06.59,06:50.52,1,→Final C(T)
2021,全日本選手権 兼 全日本大学選手権,89,男子エイト,RepechageD組,10/29 14:44,4,北海道大学,01:41.93,03:25.69,05:12.93,06:57.24,4,→Final C(T)
2021,全日本選手権 兼 全日本大学選手権,89,男子エイト,RepechageD組,10/29 14:44,0,"","","","","",0,""
2021,全日本選手権 兼 全日本大学選手権,89,男子エイト,RepechageD組,10/29 14:44,0,"","","","","",0,""
2021,全日本選手権 兼 全日本大学選手権,90,女子エイト,Preliminary,10/29 14:52,1,仙台大学,01:44.00,03:33.91,05:25.77,07:16.07,2,→Final A
2021,全日本選手権 兼 全日本大学選手権,90,女子エイト,Preliminary,10/29 14:52,2,立教大学,01:48.74,03:46.08,05:43.31,07:33.79,3,→Final A
2021,全日本選手権 兼 全日本大学選手権,90,女子エイト,Preliminary,10/29 14:52,3,日本体育大学,01:54.66,03:52.57,05:50.17,07:38.35,4,→Final A
2021,全日本選手権 兼 全日本大学選手権,90,女子エイト,Preliminary,10/29 14:52,0,立命館大学,"","","","",1,DNS
2021,全日本選手権 兼 全日本大学選手権,90,女子エイト,Preliminary,10/29 14:52,0,"","","","","",0,""
2021,全日本選手権 兼 全日本大学選手権,90,女子エイト,Preliminary,10/29 14:52,0,"","","","","",0,""
2021,全日本選手権 兼 全日本大学選手権,91,女子シングルスカル,SemiFinalA/BA組,10/30 08:30,1,プリントパック,01:54.78,03:57.66,06:01.80,08:05.52,3,→Final A
2021,全日本選手権 兼 全日本大学選手権,91,女子シングルスカル,SemiFinalA/BA組,10/30 08:30,2,陽進堂,01:58.47,04:02.63,06:07.49,08:12.21,4,→Final A
2021,全日本選手権 兼 全日本大学選手権,91,女子シングルスカル,SemiFinalA/BA組,10/30 08:30,3,デンソー,01:58.86,04:02.63,06:11.18,08:15.05,2,→Final A
2021,全日本選手権 兼 全日本大学選手権,91,女子シングルスカル,SemiFinalA/BA組,10/30 08:30,4,若狭高校,02:00.50,04:08.46,06:15.97,08:22.53,1,→Final B
2021,全日本選手権 兼 全日本大学選手権,91,女子シングルスカル,SemiFinalA/BA組,10/30 08:30,5,トヨタRC,02:02.44,04:11.88,06:23.38,08:34.10,5,→Final B
2021,全日本選手権 兼 全日本大学選手権,91,女子シングルスカル,SemiFinalA/BA組,10/30 08:30,6,南山大学,02:06.48,04:18.09,06:30.81,08:38.31,6,→Final B
2021,全日本選手権 兼 全日本大学選手権,92,女子シングルスカル,SemiFinalA/BB組,10/30 08:40,1,トヨタ自動車,01:54.63,03:55.62,06:01.61,08:05.92,3,→Final A
2021,全日本選手権 兼 全日本大学選手権,92,女子シングルスカル,SemiFinalA/BB組,10/30 08:40,2,NTT東日本,01:57.24,03:58.95,06:03.00,08:06.30,4,→Final A
2021,全日本選手権 兼 全日本大学選手権,92,女子シングルスカル,SemiFinalA/BB組,10/30 08:40,3,美方高校,01:57.24,04:03.44,06:11.06,08:16.71,2,→Final A
2021,全日本選手権 兼 全日本大学選手権,92,女子シングルスカル,SemiFinalA/BB組,10/30 08:40,4,龍谷大学,02:02.70,04:10.05,06:16.83,08:25.02,1,→Final B
2021,全日本選手権 兼 全日本大学選手権,92,女子シングルスカル,SemiFinalA/BB組,10/30 08:40,5,北陸電気工業,02:03.06,04:10.79,06:19.34,08:28.67,5,→Final B
2021,全日本選手権 兼 全日本大学選手権,92,女子シングルスカル,SemiFinalA/BB組,10/30 08:40,6,富山国際大学,02:03.42,04:11.72,06:24.06,08:36.58,6,→Final B
2021,全日本選手権 兼 全日本大学選手権,93,女子ダブルスカル,SemiFinalA/BA組,10/30 08:50,1,アイリスオーヤマ,01:43.81,03:35.27,05:28.91,07:23.47,3,→Final A
2021,全日本選手権 兼 全日本大学選手権,93,女子ダブルスカル,SemiFinalA/BA組,10/30 08:50,2,早稲田大学,01:46.89,03:40.46,05:34.58,07:28.21,4,→Final A
2021,全日本選手権 兼 全日本大学選手権,93,女子ダブルスカル,SemiFinalA/BA組,10/30 08:50,3,明治安田生命,01:47.91,03:42.56,05:37.13,07:28.54,5,→Final A
2021,全日本選手権 兼 全日本大学選手権,93,女子ダブルスカル,SemiFinalA/BA組,10/30 08:50,4,中部電力,01:48.67,03:42.86,05:38.29,07:30.43,2,→Final B
2021,全日本選手権 兼 全日本大学選手権,93,女子ダブルスカル,SemiFinalA/BA組,10/30 08:50,5,立教大学,01:50.84,03:44.41,05:39.04,07:31.04,1,→Final B
2021,全日本選手権 兼 全日本大学選手権,93,女子ダブルスカル,SemiFinalA/BA組,10/30 08:50,6,慶應義塾大学,01:49.05,03:44.71,05:42.07,07:38.89,6,→Final B
2021,全日本選手権 兼 全日本大学選手権,94,女子ダブルスカル,SemiFinalA/BB組,10/30 08:58,1,金沢大学,01:45.50,03:39.04,05:35.36,07:31.61,3,→Final A
2021,全日本選手権 兼 全日本大学選手権,94,女子ダブルスカル,SemiFinalA/BB組,10/30 08:58,2,成立学園高校,01:51.43,03:46.50,05:41.47,07:33.84,4,→Final A
2021,全日本選手権 兼 全日本大学選手権,94,女子ダブルスカル,SemiFinalA/BB組,10/30 08:58,3,日本体育大学,01:49.72,03:45.49,05:39.81,07:34.12,2,→Final A
2021,全日本選手権 兼 全日本大学選手権,94,女子ダブルスカル,SemiFinalA/BB組,10/30 08:58,4,美方高校,01:48.72,03:44.16,05:44.66,07:40.32,1,→Final B
2021,全日本選手権 兼 全日本大学選手権,94,女子ダブルスカル,SemiFinalA/BB組,10/30 08:58,5,中央大学,01:51.14,03:46.50,05:48.89,07:43.89,6,→Final B
2021,全日本選手権 兼 全日本大学選手権,94,女子ダブルスカル,SemiFinalA/BB組,10/30 08:58,6,富山国際大学,01:54.07,03:51.14,05:49.89,07:49.27,5,→Final B
2021,全日本選手権 兼 全日本大学選手権,95,女子ペア,SemiFinalA/BA組,10/30 09:06,1,立命館大学,01:58.82,03:59.61,06:01.18,08:01.03,2,→Final A
2021,全日本選手権 兼 全日本大学選手権,95,女子ペア,SemiFinalA/BA組,10/30 09:06,2,日本体育大学,01:58.29,03:58.52,06:00.79,08:01.11,3,→Final A
2021,全日本選手権 兼 全日本大学選手権,95,女子ペア,SemiFinalA/BA組,10/30 09:06,3,富山国際大学,01:58.51,04:01.14,06:05.80,08:09.93,4,→Final A
2021,全日本選手権 兼 全日本大学選手権,95,女子ペア,SemiFinalA/BA組,10/30 09:06,4,中央大学,02:01.37,04:05.16,06:10.72,08:14.17,5,→Final B
2021,全日本選手権 兼 全日本大学選手権,95,女子ペア,SemiFinalA/BA組,10/30 09:06,5,仙台大学,02:03.44,04:08.88,06:13.03,08:14.73,1,→Final B
2021,全日本選手権 兼 全日本大学選手権,95,女子ペア,SemiFinalA/BA組,10/30 09:06,6,一橋大学,02:02.27,04:07.09,06:14.03,08:19.44,6,→Final B
2021,全日本選手権 兼 全日本大学選手権,96,女子ペア,SemiFinalA/BB組,10/30 09:16,1,滋賀大学,02:00.28,04:01.99,06:02.13,07:59.45,3,→Final A
2021,全日本選手権 兼 全日本大学選手権,96,女子ペア,SemiFinalA/BB組,10/30 09:16,2,立教大学,01:58.79,03:59.84,06:01.48,08:01.76,4,→Final A
2021,全日本選手権 兼 全日本大学選手権,96,女子ペア,SemiFinalA/BB組,10/30 09:16,3,早稲田大学,01:58.54,04:02.36,06:02.78,08:02.67,2,→Final A
2021,全日本選手権 兼 全日本大学選手権,96,女子ペア,SemiFinalA/BB組,10/30 09:16,4,明治大学,01:59.06,04:01.99,06:06.98,08:09.58,5,→Final B
2021,全日本選手権 兼 全日本大学選手権,96,女子ペア,SemiFinalA/BB組,10/30 09:16,5,関西学院大学,02:00.06,04:06.68,06:12.93,08:16.36,6,→Final B
2021,全日本選手権 兼 全日本大学選手権,96,女子ペア,SemiFinalA/BB組,10/30 09:16,6,龍谷大学,02:00.99,04:06.30,06:14.59,08:20.78,1,→Final B
2021,全日本選手権 兼 全日本大学選手権,97,女子クォドルプル,SemiFinalA/BA組,10/30 09:26,1,明治安田生命,01:37.94,03:18.25,05:03.29,06:52.56,3,→Final A
2021,全日本選手権 兼 全日本大学選手権,97,女子クォドルプル,SemiFinalA/BA組,10/30 09:26,2,デンソー,01:37.64,03:20.94,05:09.54,06:57.54,2,→Final A
2021,全日本選手権 兼 全日本大学選手権,97,女子クォドルプル,SemiFinalA/BA組,10/30 09:26,3,東北大学,01:42.64,03:29.63,05:19.67,07:06.77,4,→Final A
2021,全日本選手権 兼 全日本大学選手権,97,女子クォドルプル,SemiFinalA/BA組,10/30 09:26,4,中部電力,01:46.14,03:34.24,05:23.97,07:06.82,5,→Final B
2021,全日本選手権 兼 全日本大学選手権,97,女子クォドルプル,SemiFinalA/BA組,10/30 09:26,5,法政大学,01:46.44,03:35.21,05:24.49,07:10.68,1,→Final B
2021,全日本選手権 兼 全日本大学選手権,97,女子クォドルプル,SemiFinalA/BA組,10/30 09:26,6,龍谷大学,01:50.77,03:42.86,05:37.76,07:32.07,6,→Final B
2021,全日本選手権 兼 全日本大学選手権,98,女子クォドルプル,SemiFinalA/BB組,10/30 09:34,1,関西電力,01:37.07,03:21.42,05:06.83,06:53.47,3,→Final A
2021,全日本選手権 兼 全日本大学選手権,98,女子クォドルプル,SemiFinalA/BB組,10/30 09:34,2,明治大学,01:40.49,03:23.22,05:08.27,06:54.48,4,→Final A
2021,全日本選手権 兼 全日本大学選手権,98,女子クォドルプル,SemiFinalA/BB組,10/30 09:34,3,早稲田大学,01:40.22,03:23.89,05:08.54,06:54.79,2,→Final A
2021,全日本選手権 兼 全日本大学選手権,98,女子クォドルプル,SemiFinalA/BB組,10/30 09:34,4,中央大学,01:39.86,03:24.67,05:10.38,06:56.46,5,→Final B
2021,全日本選手権 兼 全日本大学選手権,98,女子クォドルプル,SemiFinalA/BB組,10/30 09:34,5,富山国際大学,01:45.16,03:34.79,05:25.95,07:17.68,6,→Final B
2021,全日本選手権 兼 全日本大学選手権,98,女子クォドルプル,SemiFinalA/BB組,10/30 09:34,6,同志社大学,01:46.74,03:39.66,05:33.35,07:28.47,1,→Final B
2021,全日本選手権 兼 全日本大学選手権,99,女子舵手つきフォア,RepechageA組,10/30 09:42,1,神戸大学,01:51.59,03:43.92,05:39.84,07:31.51,3,→Final A
2021,全日本選手権 兼 全日本大学選手権,99,女子舵手つきフォア,RepechageA組,10/30 09:42,2,立教大学,01:52.69,03:45.79,05:40.07,07:32.71,2,→Final A
2021,全日本選手権 兼 全日本大学選手権,99,女子舵手つきフォア,RepechageA組,10/30 09:42,3,明治大学,01:54.19,03:49.89,05:48.19,07:44.51,1,→Final B
2021,全日本選手権 兼 全日本大学選手権,99,女子舵手つきフォア,RepechageA組,10/30 09:42,0,"","","","","",0,""
2021,全日本選手権 兼 全日本大学選手権,99,女子舵手つきフォア,RepechageA組,10/30 09:42,0,"","","","","",0,""
2021,全日本選手権 兼 全日本大学選手権,99,女子舵手つきフォア,RepechageA組,10/30 09:42,0,"","","","","",0,""
2021,全日本選手権 兼 全日本大学選手権,100,女子舵手つきフォア,RepechageB組,10/30 09:50,1,日本体育大学,01:53.11,03:46.26,05:39.05,07:34.11,2,→Final A
2021,全日本選手権 兼 全日本大学選手権,100,女子舵手つきフォア,RepechageB組,10/30 09:50,2,早稲田大学,01:47.17,03:41.75,05:38.60,07:35.66,3,→Final A
2021,全日本選手権 兼 全日本大学選手権,100,女子舵手つきフォア,RepechageB組,10/30 09:50,3,慶應義塾大学,01:54.78,03:51.21,05:44.54,07:39.20,1,→Final B
2021,全日本選手権 兼 全日本大学選手権,100,女子舵手つきフォア,RepechageB組,10/30 09:50,4,京都大学,01:58.67,04:02.56,06:05.48,08:06.72,4,→Final B
2021,全日本選手権 兼 全日本大学選手権,100,女子舵手つきフォア,RepechageB組,10/30 09:50,0,"","","","","",0,""
2021,全日本選手権 兼 全日本大学選手権,100,女子舵手つきフォア,RepechageB組,10/30 09:50,0,"","","","","",0,""
2021,全日本選手権 兼 全日本大学選手権,101,男子シングルスカル,SemiFinalA/BA組,10/30 09:58,1,日本体育大学,01:43.61,03:33.67,05:26.05,07:18.87,4,→Final A
2021,全日本選手権 兼 全日本大学選手権,101,男子シングルスカル,SemiFinalA/BA組,10/30 09:58,2,日本大学,01:44.70,03:34.67,05:26.84,07:21.34,6,→Final A
2021,全日本選手権 兼 全日本大学選手権,101,男子シングルスカル,SemiFinalA/BA組,10/30 09:58,3,仙台大学,01:41.69,03:32.59,05:27.36,07:23.11,3,→Final A
2021,全日本選手権 兼 全日本大学選手権,101,男子シングルスカル,SemiFinalA/BA組,10/30 09:58,4,トヨタ紡織,01:43.88,03:35.10,05:30.20,07:25.86,1,→Final B
2021,全日本選手権 兼 全日本大学選手権,101,男子シングルスカル,SemiFinalA/BA組,10/30 09:58,5,明治安田生命,01:46.56,03:40.38,05:38.46,07:33.32,5,→Final B
2021,全日本選手権 兼 全日本大学選手権,101,男子シングルスカル,SemiFinalA/BA組,10/30 09:58,6,愛媛大学,01:47.50,03:42.05,05:40.57,07:35.01,2,→Final B
2021,全日本選手権 兼 全日本大学選手権,102,男子シングルスカル,SemiFinalA/BB組,10/30 10:08,1,三重選抜,01:47.02,03:40.55,05:35.37,07:23.95,1,→Final A
2021,全日本選手権 兼 全日本大学選手権,102,男子シングルスカル,SemiFinalA/BB組,10/30 10:08,2,日本製鉄,01:45.08,03:37.79,05:34.99,07:24.62,3,→Final A
2021,全日本選手権 兼 全日本大学選手権,102,男子シングルスカル,SemiFinalA/BB組,10/30 10:08,3,MaxBC,01:45.67,03:39.73,05:33.94,07:25.86,4,→Final A
2021,全日本選手権 兼 全日本大学選手権,102,男子シングルスカル,SemiFinalA/BB組,10/30 10:08,4,松山東高校,01:47.84,03:41.04,05:35.72,07:26.31,5,→Final B
2021,全日本選手権 兼 全日本大学選手権,102,男子シングルスカル,SemiFinalA/BB組,10/30 10:08,5,松江工業高等専門学校,01:46.42,03:38.79,05:34.75,07:27.47,2,→Final B
2021,全日本選手権 兼 全日本大学選手権,102,男子シングルスカル,SemiFinalA/BB組,10/30 10:08,6,富山国際大学,01:47.54,03:39.96,05:34.24,07:31.83,6,→Final B
2021,全日本選手権 兼 全日本大学選手権,103,男子ダブルスカル,SemiFinalA/BA組,10/30 10:18,1,アイリスオーヤマ,01:35.40,03:16.60,04:58.71,06:46.02,3,→Final A
2021,全日本選手権 兼 全日本大学選手権,103,男子ダブルスカル,SemiFinalA/BA組,10/30 10:18,2,富山国際大学,01:36.77,03:19.75,05:03.94,06:50.83,2,→Final A
2021,全日本選手権 兼 全日本大学選手権,103,男子ダブルスカル,SemiFinalA/BA組,10/30 10:18,3,東京経済大学,01:42.09,03:27.44,05:10.96,06:52.24,4,→Final A
2021,全日本選手権 兼 全日本大学選手権,103,男子ダブルスカル,SemiFinalA/BA組,10/30 10:18,4,立命館大学,01:39.96,03:25.38,05:11.99,06:52.98,5,→Final B
2021,全日本選手権 兼 全日本大学選手権,103,男子ダブルスカル,SemiFinalA/BA組,10/30 10:18,5,警視庁,01:42.75,03:27.18,05:14.16,06:57.41,6,→Final B
2021,全日本選手権 兼 全日本大学選手権,103,男子ダブルスカル,SemiFinalA/BA組,10/30 10:18,6,龍谷大学,01:42.41,03:30.91,05:18.37,07:07.13,1,→Final B
2021,全日本選手権 兼 全日本大学選手権,104,男子ダブルスカル,SemiFinalA/BB組,10/30 10:26,1,今治造船,01:38.17,03:22.45,05:08.84,06:50.80,5,→Final A
2021,全日本選手権 兼 全日本大学選手権,104,男子ダブルスカル,SemiFinalA/BB組,10/30 10:26,2,戸田中央総合病院RC,01:37.31,03:20.17,05:05.85,06:51.48,3,→Final A
2021,全日本選手権 兼 全日本大学選手権,104,男子ダブルスカル,SemiFinalA/BB組,10/30 10:26,3,日本体育大学,01:37.54,03:22.64,05:07.93,06:51.87,4,→Final A
2021,全日本選手権 兼 全日本大学選手権,104,男子ダブルスカル,SemiFinalA/BB組,10/30 10:26,4,明治大学,01:38.69,03:23.15,05:08.41,06:52.04,2,→Final B
2021,全日本選手権 兼 全日本大学選手権,104,男子ダブルスカル,SemiFinalA/BB組,10/30 10:26,5,美方高校,01:42.55,03:30.03,05:17.68,07:03.99,6,→Final B
2021,全日本選手権 兼 全日本大学選手権,104,男子ダブルスカル,SemiFinalA/BB組,10/30 10:26,6,仙台大学,01:41.25,03:31.27,05:20.97,07:05.87,1,→Final B
2021,全日本選手権 兼 全日本大学選手権,105,男子ペア,SemiFinalA/BA組,10/30 10:34,1,トヨタ紡織,01:41.15,03:26.37,05:14.25,07:02.29,3,→Final A
2021,全日本選手権 兼 全日本大学選手権,105,男子ペア,SemiFinalA/BA組,10/30 10:34,2,東北大学,01:42.56,03:31.73,05:21.80,07:10.11,2,→Final A
2021,全日本選手権 兼 全日本大学選手権,105,男子ペア,SemiFinalA/BA組,10/30 10:34,3,大阪大学,01:44.87,03:32.76,05:22.28,07:16.96,6,→Final A
2021,全日本選手権 兼 全日本大学選手権,105,男子ペア,SemiFinalA/BA組,10/30 10:34,4,東京経済大学,01:45.22,03:33.67,05:26.17,07:18.69,1,→Final B
2021,全日本選手権 兼 全日本大学選手権,105,男子ペア,SemiFinalA/BA組,10/30 10:34,5,大阪府立大学,01:45.52,03:34.70,05:26.17,07:18.93,4,→Final B
2021,全日本選手権 兼 全日本大学選手権,105,男子ペア,SemiFinalA/BA組,10/30 10:34,6,ひた市,01:46.61,03:38.62,05:30.55,07:25.52,5,→Final B
2021,全日本選手権 兼 全日本大学選手権,106,男子ペア,SemiFinalA/BB組,10/30 10:44,1,富山国際大学,01:45.63,03:36.01,05:28.13,07:14.80,3,→Final A
2021,全日本選手権 兼 全日本大学選手権,106,男子ペア,SemiFinalA/BB組,10/30 10:44,2,日本大学,01:48.18,03:36.24,05:28.87,07:15.62,4,→Final A
2021,全日本選手権 兼 全日本大学選手権,106,男子ペア,SemiFinalA/BB組,10/30 10:44,3,明治大学,01:42.61,03:30.69,05:24.12,07:17.20,5,→Final A
2021,全日本選手権 兼 全日本大学選手権,106,男子ペア,SemiFinalA/BB組,10/30 10:44,4,日本製鉄,01:44.19,03:32.93,05:25.36,07:17.77,1,→Final B
2021,全日本選手権 兼 全日本大学選手権,106,男子ペア,SemiFinalA/BB組,10/30 10:44,5,仙台大学,01:41.66,03:32.74,05:30.38,07:31.67,2,→Final B
2021,全日本選手権 兼 全日本大学選手権,106,男子ペア,SemiFinalA/BB組,10/30 10:44,6,法政大学,01:49.93,03:43.85,05:41.26,07:38.03,6,→Final B
2021,全日本選手権 兼 全日本大学選手権,107,男子クォドルプル,SemiFinalA/BA組,10/30 10:54,1,NTT東日本,01:29.44,03:03.87,04:40.43,06:19.64,4,→Final A
2021,全日本選手権 兼 全日本大学選手権,107,男子クォドルプル,SemiFinalA/BA組,10/30 10:54,2,明治大学,01:32.92,03:08.50,04:46.53,06:23.28,3,→Final A
2021,全日本選手権 兼 全日本大学選手権,107,男子クォドルプル,SemiFinalA/BA組,10/30 10:54,3,日本大学,01:33.57,03:10.19,04:49.14,06:26.43,2,→Final A
2021,全日本選手権 兼 全日本大学選手権,107,男子クォドルプル,SemiFinalA/BA組,10/30 10:54,4,一橋大学,01:31.80,03:08.27,04:49.79,06:35.49,5,→Final B
2021,全日本選手権 兼 全日本大学選手権,107,男子クォドルプル,SemiFinalA/BA組,10/30 10:54,5,東海大学,01:35.34,03:15.40,05:05.59,06:51.64,6,→Final B
2021,全日本選手権 兼 全日本大学選手権,107,男子クォドルプル,SemiFinalA/BA組,10/30 10:54,6,立命館大学,01:54.36,03:37.46,05:23.63,07:07.12,1,→Final B
2021,全日本選手権 兼 全日本大学選手権,108,男子クォドルプル,SemiFinalA/BB組,10/30 11:02,1,仙台大学,01:30.79,03:08.12,04:46.50,06:24.91,2,→Final A
2021,全日本選手権 兼 全日本大学選手権,108,男子クォドルプル,SemiFinalA/BB組,10/30 11:02,2,富山国際大学,01:31.20,03:08.77,04:48.74,06:27.02,3,→Final A
2021,全日本選手権 兼 全日本大学選手権,108,男子クォドルプル,SemiFinalA/BB組,10/30 11:02,3,日本体育大学,01:32.89,03:12.06,04:51.22,06:28.02,5,→Final A
2021,全日本選手権 兼 全日本大学選手権,108,男子クォドルプル,SemiFinalA/BB組,10/30 11:02,4,東京経済大学,01:32.31,03:11.13,04:49.83,06:28.19,4,→Final B
2021,全日本選手権 兼 全日本大学選手権,108,男子クォドルプル,SemiFinalA/BB組,10/30 11:02,5,龍谷大学,01:33.69,03:13.90,04:53.58,06:31.73,1,→Final B
2021,全日本選手権 兼 全日本大学選手権,108,男子クォドルプル,SemiFinalA/BB組,10/30 11:02,6,慶應義塾大学,01:36.04,03:17.41,04:59.36,06:41.92,6,→Final B
2021,全日本選手権 兼 全日本大学選手権,109,男子フォア,SemiFinalA/BA組,10/30 11:10,1,立教大学,01:33.74,03:11.24,04:52.74,06:35.35,3,→Final A
2021,全日本選手権 兼 全日本大学選手権,109,男子フォア,SemiFinalA/BA組,10/30 11:10,2,関西電力,01:33.51,03:12.03,04:56.00,06:38.94,2,→Final A
2021,全日本選手権 兼 全日本大学選手権,109,男子フォア,SemiFinalA/BA組,10/30 11:10,3,仙台大学,01:37.04,03:18.80,05:01.74,06:42.42,6,→Final A
2021,全日本選手権 兼 全日本大学選手権,109,男子フォア,SemiFinalA/BA組,10/30 11:10,4,一橋大学,01:39.77,03:21.03,05:04.43,06:47.91,1,→Final B
2021,全日本選手権 兼 全日本大学選手権,109,男子フォア,SemiFinalA/BA組,10/30 11:10,5,日本大学,01:38.56,03:20.86,05:07.05,06:49.72,4,→Final B
2021,全日本選手権 兼 全日本大学選手権,109,男子フォア,SemiFinalA/BA組,10/30 11:10,6,東北大学,01:39.15,03:20.50,05:07.28,06:50.71,5,→Final B
2021,全日本選手権 兼 全日本大学選手権,110,男子フォア,SemiFinalA/BB組,10/30 11:18,1,京都大学,01:33.30,03:12.99,04:54.40,06:31.83,3,→Final A
2021,全日本選手権 兼 全日本大学選手権,110,男子フォア,SemiFinalA/BB組,10/30 11:18,2,中部電力,01:35.10,03:14.00,04:54.98,06:33.82,2,→Final A
2021,全日本選手権 兼 全日本大学選手権,110,男子フォア,SemiFinalA/BB組,10/30 11:18,3,戸田中央総合病院RC,01:35.44,03:15.92,05:00.81,06:46.15,4,→Final A
2021,全日本選手権 兼 全日本大学選手権,110,男子フォア,SemiFinalA/BB組,10/30 11:18,4,中央大学,01:37.01,03:18.84,05:05.31,06:50.08,5,→Final B
2021,全日本選手権 兼 全日本大学選手権,110,男子フォア,SemiFinalA/BB組,10/30 11:18,5,東京経済大学,01:40.15,03:22.64,05:07.28,06:51.53,6,→Final B
2021,全日本選手権 兼 全日本大学選手権,110,男子フォア,SemiFinalA/BB組,10/30 11:18,6,慶應義塾大学,01:39.74,03:26.17,05:13.96,06:57.99,1,→Final B
2021,全日本選手権 兼 全日本大学選手権,111,男子舵手つきフォア,SemiFinalA/BA組,10/30 11:26,1,トヨタ紡織,01:41.94,03:24.54,05:09.40,06:51.80,3,→Final A
2021,全日本選手権 兼 全日本大学選手権,111,男子舵手つきフォア,SemiFinalA/BA組,10/30 11:26,2,中部電力,01:39.43,03:21.39,05:06.13,06:51.91,1,→Final A
2021,全日本選手権 兼 全日本大学選手権,111,男子舵手つきフォア,SemiFinalA/BA組,10/30 11:26,3,日本大学,01:41.04,03:24.73,05:09.63,06:52.50,2,→Final A
2021,全日本選手権 兼 全日本大学選手権,111,男子舵手つきフォア,SemiFinalA/BA組,10/30 11:26,4,チョープロ,01:39.72,03:23.69,05:11.53,06:54.46,4,→Final B
2021,全日本選手権 兼 全日本大学選手権,111,男子舵手つきフォア,SemiFinalA/BA組,10/30 11:26,5,明治大学,01:43.36,03:26.18,05:12.13,06:55.52,5,→Final B
2021,全日本選手権 兼 全日本大学選手権,111,男子舵手つきフォア,SemiFinalA/BA組,10/30 11:26,6,東北大学,01:44.12,03:30.49,05:17.56,07:01.65,6,→Final B
2021,全日本選手権 兼 全日本大学選手権,112,男子舵手つきフォア,SemiFinalA/BB組,10/30 11:34,1,NTT東日本,01:37.63,03:17.07,05:00.15,06:47.19,5,→Final A
2021,全日本選手権 兼 全日本大学選手権,112,男子舵手つきフォア,SemiFinalA/BB組,10/30 11:34,2,中央大学,01:36.06,03:19.58,05:05.17,06:51.41,3,→Final A
2021,全日本選手権 兼 全日本大学選手権,112,男子舵手つきフォア,SemiFinalA/BB組,10/30 11:34,3,仙台大学,01:40.31,03:24.87,05:11.07,06:56.30,4,→Final A
2021,全日本選手権 兼 全日本大学選手権,112,男子舵手つきフォア,SemiFinalA/BB組,10/30 11:34,4,龍谷大学,01:41.29,03:27.40,05:12.92,06:56.75,6,→Final B
2021,全日本選手権 兼 全日本大学選手権,112,男子舵手つきフォア,SemiFinalA/BB組,10/30 11:34,5,日本体育大学,01:43.53,03:27.66,05:14.83,07:02.74,2,→Final B
2021,全日本選手権 兼 全日本大学選手権,112,男子舵手つきフォア,SemiFinalA/BB組,10/30 11:34,6,東レ滋賀,01:46.57,03:32.48,05:19.93,07:08.73,1,→Final B
2021,全日本選手権 兼 全日本大学選手権,113,男子エイト,SemiFinalA/BA組,10/30 11:42,1,明治安田生命,01:26.86,02:56.69,04:29.39,06:01.03,3,→Final A
2021,全日本選手権 兼 全日本大学選手権,113,男子エイト,SemiFinalA/BA組,10/30 11:42,2,日本大学,01:29.33,02:59.82,04:31.83,06:03.30,2,→Final A
2021,全日本選手権 兼 全日本大学選手権,113,男子エイト,SemiFinalA/BA組,10/30 11:42,3,慶應義塾大学,01:27.56,02:57.77,04:31.33,06:05.22,5,→Final A
2021,全日本選手権 兼 全日本大学選手権,113,男子エイト,SemiFinalA/BA組,10/30 11:42,4,仙台大学,01:28.18,03:00.19,04:35.30,06:09.76,4,→Final B
2021,全日本選手権 兼 全日本大学選手権,113,男子エイト,SemiFinalA/BA組,10/30 11:42,5,一橋大学,01:29.74,03:03.62,04:44.44,06:25.39,1,→Final B
2021,全日本選手権 兼 全日本大学選手権,113,男子エイト,SemiFinalA/BA組,10/30 11:42,6,東北大学,01:34.63,03:12.67,04:53.14,06:30.29,6,→Final B
2021,全日本選手権 兼 全日本大学選手権,114,男子エイト,SemiFinalA/BB組,10/30 11:50,1,NTT東日本,01:25.80,02:55.90,04:26.41,05:55.47,3,→Final A
2021,全日本選手権 兼 全日本大学選手権,114,男子エイト,SemiFinalA/BB組,10/30 11:50,2,東レ滋賀,01:28.77,02:59.32,04:31.19,06:03.96,4,→Final A
2021,全日本選手権 兼 全日本大学選手権,114,男子エイト,SemiFinalA/BB組,10/30 11:50,3,早稲田大学,01:28.06,03:02.48,04:36.80,06:06.18,2,→Final A
2021,全日本選手権 兼 全日本大学選手権,114,男子エイト,SemiFinalA/BB組,10/30 11:50,4,明治大学,01:29.81,03:00.98,04:35.30,06:08.93,5,→Final B
2021,全日本選手権 兼 全日本大学選手権,114,男子エイト,SemiFinalA/BB組,10/30 11:50,5,東京大学,01:28.46,03:04.60,04:41.29,06:16.98,6,→Final B
2021,全日本選手権 兼 全日本大学選手権,114,男子エイト,SemiFinalA/BB組,10/30 11:50,6,同志社大学,01:30.39,03:06.27,04:43.19,06:17.56,1,→Final B
2021,全日本選手権 兼 全日本大学選手権,115,女子シングルスカル,Final C,10/30 12:00,1,東京経済大学,02:07.59,04:19.36,06:33.40,08:44.83,3,""
2021,全日本選手権 兼 全日本大学選手権,115,女子シングルスカル,Final C,10/30 12:00,2,名古屋大学,02:08.01,04:20.82,06:34.56,08:47.22,2,""
2021,全日本選手権 兼 全日本大学選手権,115,女子シングルスカル,Final C,10/30 12:00,3,早稲田大学,02:12.12,04:26.28,06:42.46,08:52.54,4,""
2021,全日本選手権 兼 全日本大学選手権,115,女子シングルスカル,Final C,10/30 12:00,4,岐阜協立大学,02:06.50,04:22.67,06:40.33,08:56.58,5,""
2021,全日本選手権 兼 全日本大学選手権,115,女子シングルスカル,Final C,10/30 12:00,5,法政大学,02:12.67,04:28.26,06:44.96,09:01.00,1,""
2021,全日本選手権 兼 全日本大学選手権,115,女子シングルスカル,Final C,10/30 12:00,6,名古屋工業大学,02:14.12,04:32.31,06:51.70,09:11.87,6,""
2021,全日本選手権 兼 全日本大学選手権,116,女子ダブルスカル,Final C,10/30 12:10,1,立命館大学,01:53.72,03:55.45,05:58.34,07:58.60,3,""
2021,全日本選手権 兼 全日本大学選手権,116,女子ダブルスカル,Final C,10/30 12:10,2,大阪市立大学,01:56.51,03:59.09,06:02.07,08:02.86,1,""
2021,全日本選手権 兼 全日本大学選手権,116,女子ダブルスカル,Final C,10/30 12:10,3,明治大学,01:55.75,03:58.73,06:02.42,08:05.24,4,""
2021,全日本選手権 兼 全日本大学選手権,116,女子ダブルスカル,Final C,10/30 12:10,4,鹿屋体育大学,01:56.13,04:00.91,06:06.92,08:10.03,5,""
2021,全日本選手権 兼 全日本大学選手権,116,女子ダブルスカル,Final C,10/30 12:10,5,龍谷大学,01:58.32,04:04.79,06:13.08,08:17.12,6,""
2021,全日本選手権 兼 全日本大学選手権,116,女子ダブルスカル,Final C,10/30 12:10,6,法政大学,01:59.11,04:05.75,06:13.31,08:19.33,2,""
2021,全日本選手権 兼 全日本大学選手権,119,男子シングルスカル,Final C,10/30 12:20,1,龍谷大学,01:53.35,03:51.47,05:48.13,07:44.53,2,""
2021,全日本選手権 兼 全日本大学選手権,119,男子シングルスカル,Final C,10/30 12:20,2,慶應義塾大学,01:55.52,03:53.87,05:52.47,07:51.39,3,""
2021,全日本選手権 兼 全日本大学選手権,119,男子シングルスカル,Final C,10/30 12:20,3,広島大学,01:54.59,03:54.33,05:54.55,07:54.60,1,""
2021,全日本選手権 兼 全日本大学選手権,119,男子シングルスカル,Final C,10/30 12:20,4,東海大学,01:52.71,03:52.60,05:54.89,07:59.95,4,""
2021,全日本選手権 兼 全日本大学選手権,119,男子シングルスカル,Final C,10/30 12:20,5,鹿屋体育大学,01:53.69,03:54.82,05:58.23,08:01.40,5,""
2021,全日本選手権 兼 全日本大学選手権,119,男子シングルスカル,Final C,10/30 12:20,6,成城大学,01:35.76,03:56.65,06:00.37,08:03.03,6,""
2021,全日本選手権 兼 全日本大学選手権,120,男子ダブルスカル,Final C,10/30 12:30,1,日本大学,01:39.47,03:28.39,05:21.97,07:13.06,4,""
2021,全日本選手権 兼 全日本大学選手権,120,男子ダブルスカル,Final C,10/30 12:30,2,岐阜協立大学,01:44.90,03:36.05,05:29.66,07:19.45,2,""
2021,全日本選手権 兼 全日本大学選手権,120,男子ダブルスカル,Final C,10/30 12:30,3,慶應義塾大学,01:41.69,03:31.62,05:27.08,07:20.03,5,""
2021,全日本選手権 兼 全日本大学選手権,120,男子ダブルスカル,Final C,10/30 12:30,4,早稲田大学理工漕艇部,01:42.91,03:34.53,05:30.10,07:23.73,3,""
2021,全日本選手権 兼 全日本大学選手権,120,男子ダブルスカル,Final C,10/30 12:30,5,法政大学,01:45.24,03:37.48,05:33.42,07:27.20,1,""
2021,全日本選手権 兼 全日本大学選手権,120,男子ダブルスカル,Final C,10/30 12:30,6,一橋大学,01:47.55,03:43.41,05:45.24,07:41.05,6,""
2021,全日本選手権 兼 全日本大学選手権,124,男子舵手つきフォア,Final C,10/30 12:40,1,同志社大学,01:42.37,03:31.18,05:21.38,07:07.85,3,""
2021,全日本選手権 兼 全日本大学選手権,124,男子舵手つきフォア,Final C,10/30 12:40,2,神戸大学,01:42.94,03:32.68,05:23.26,07:09.82,2,""
2021,全日本選手権 兼 全日本大学選手権,124,男子舵手つきフォア,Final C,10/30 12:40,3,法政大学,01:45.00,03:33.84,05:24.01,07:09.98,4,""
2021,全日本選手権 兼 全日本大学選手権,124,男子舵手つきフォア,Final C,10/30 12:40,4,慶應義塾大学,01:41.85,03:31.76,05:23.68,07:10.63,1,""
2021,全日本選手権 兼 全日本大学選手権,124,男子舵手つきフォア,Final C,10/30 12:40,5,大阪市立大学,01:45.64,03:37.97,05:31.79,07:17.49,5,""
2021,全日本選手権 兼 全日本大学選手権,124,男子舵手つきフォア,Final C,10/30 12:40,6,東京経済大学,01:47.44,03:39.08,05:33.37,07:20.26,6,""
2021,全日本選手権 兼 全日本大学選手権,126,女子エイト,Final A,10/30 12:50,1,日本体育大学,01:47.97,03:34.28,05:21.11,07:08.20,1,""
2021,全日本選手権 兼 全日本大学選手権,126,女子エイト,Final A,10/30 12:50,2,仙台大学,01:46.61,03:35.42,05:23.02,07:09.58,2,""
2021,全日本選手権 兼 全日本大学選手権,126,女子エイト,Final A,10/30 12:50,3,立教大学,01:49.57,03:39.05,05:27.30,07:15.45,3,""
2021,全日本選手権 兼 全日本大学選手権,126,女子エイト,Final A,10/30 12:50,0,"","","","","",0,""
2021,全日本選手権 兼 全日本大学選手権,126,女子エイト,Final A,10/30 12:50,0,"","","","","",0,""
2021,全日本選手権 兼 全日本大学選手権,126,女子エイト,Final A,10/30 12:50,0,"","","","","",0,""
2021,全日本選手権 兼 全日本大学選手権,127,女子シングルスカル,Final B,10/31 08:30,1,龍谷大学,02:00.64,04:06.40,06:11.52,08:17.80,4,""
2021,全日本選手権 兼 全日本大学選手権,127,女子シングルスカル,Final B,10/31 08:30,2,若狭高校,01:59.33,04:05.61,06:12.52,08:19.28,3,""
2021,全日本選手権 兼 全日本大学選手権,127,女子シングルスカル,Final B,10/31 08:30,3,北陸電気工業,02:00.89,04:09.07,06:16.08,08:23.80,2,""
2021,全日本選手権 兼 全日本大学選手権,127,女子シングルスカル,Final B,10/31 08:30,4,富山国際大学,02:02.53,04:08.87,06:16.78,08:26.58,1,""
2021,全日本選手権 兼 全日本大学選手権,127,女子シングルスカル,Final B,10/31 08:30,5,トヨタRC,01:59.04,04:07.88,06:19.82,08:30.68,5,""
2021,全日本選手権 兼 全日本大学選手権,127,女子シングルスカル,Final B,10/31 08:30,6,南山大学,02:06.58,04:17.00,06:27.60,08:35.77,6,""
2021,全日本選手権 兼 全日本大学選手権,128,男子シングルスカル,Final B,10/31 08:40,1,トヨタ紡織,01:44.28,03:35.35,05:27.88,07:18.74,3,""
2021,全日本選手権 兼 全日本大学選手権,128,男子シングルスカル,Final B,10/31 08:40,2,愛媛大学,01:45.88,03:37.94,05:31.47,07:20.78,6,""
2021,全日本選手権 兼 全日本大学選手権,128,男子シングルスカル,Final B,10/31 08:40,3,松江工業高等専門学校,01:45.55,03:36.86,05:29.85,07:21.04,2,""
2021,全日本選手権 兼 全日本大学選手権,128,男子シングルスカル,Final B,10/31 08:40,4,松山東高校,01:46.40,03:38.47,05:33.10,07:24.35,4,""
2021,全日本選手権 兼 全日本大学選手権,128,男子シングルスカル,Final B,10/31 08:40,5,明治安田生命,01:45.03,03:38.91,05:35.47,07:30.96,1,""
2021,全日本選手権 兼 全日本大学選手権,128,男子シングルスカル,Final B,10/31 08:40,6,富山国際大学,01:47.12,03:39.81,05:34.26,07:30.98,5,""
2021,全日本選手権 兼 全日本大学選手権,129,女子ダブルスカル,Final B,10/31 08:50,1,中部電力,01:48.61,03:42.52,05:35.69,07:26.84,3,""
2021,全日本選手権 兼 全日本大学選手権,129,女子ダブルスカル,Final B,10/31 08:50,2,立教大学,01:50.54,03:43.43,05:37.87,07:28.91,4,""
2021,全日本選手権 兼 全日本大学選手権,129,女子ダブルスカル,Final B,10/31 08:50,3,慶應義塾大学,01:47.92,03:42.99,05:39.19,07:32.14,2,""
2021,全日本選手権 兼 全日本大学選手権,129,女子ダブルスカル,Final B,10/31 08:50,4,中央大学,01:46.91,03:41.76,05:39.19,07:36.26,1,""
2021,全日本選手権 兼 全日本大学選手権,129,女子ダブルスカル,Final B,10/31 08:50,5,富山国際大学,01:53.62,03:47.60,05:44.12,07:36.75,6,""
2021,全日本選手権 兼 全日本大学選手権,129,女子ダブルスカル,Final B,10/31 08:50,6,美方高校,01:49.87,03:46.66,05:44.52,07:39.33,5,""
2021,全日本選手権 兼 全日本大学選手権,130,男子ダブルスカル,Final B,10/31 08:58,1,明治大学,01:37.71,03:21.34,05:06.88,06:49.71,3,""
2021,全日本選手権 兼 全日本大学選手権,130,男子ダブルスカル,Final B,10/31 08:58,2,美方高校,01:38.50,03:23.88,05:09.72,06:53.21,5,""
2021,全日本選手権 兼 全日本大学選手権,130,男子ダブルスカル,Final B,10/31 08:58,3,警視庁,01:40.71,03:26.45,05:13.40,06:53.79,2,""
2021,全日本選手権 兼 全日本大学選手権,130,男子ダブルスカル,Final B,10/31 08:58,4,立命館大学,01:40.24,03:27.11,05:12.35,06:55.33,4,""
2021,全日本選手権 兼 全日本大学選手権,130,男子ダブルスカル,Final B,10/31 08:58,5,仙台大学,01:39.47,03:26.80,05:12.82,06:56.61,1,""
2021,全日本選手権 兼 全日本大学選手権,130,男子ダブルスカル,Final B,10/31 08:58,6,龍谷大学,01:41.47,03:28.66,05:15.75,06:59.43,6,""
2021,全日本選手権 兼 全日本大学選手権,131,女子ペア,Final B,10/31 09:06,1,関西学院大学,01:53.91,03:58.68,06:03.08,08:05.02,5,""
2021,全日本選手権 兼 全日本大学選手権,131,女子ペア,Final B,10/31 09:06,2,明治大学,01:57.28,04:02.86,06:07.13,08:07.09,3,""
2021,全日本選手権 兼 全日本大学選手権,131,女子ペア,Final B,10/31 09:06,3,中央大学,01:59.00,04:01.42,06:06.78,08:10.39,4,""
2021,全日本選手権 兼 全日本大学選手権,131,女子ペア,Final B,10/31 09:06,4,一橋大学,02:01.21,04:05.54,06:10.45,08:12.54,1,""
2021,全日本選手権 兼 全日本大学選手権,131,女子ペア,Final B,10/31 09:06,5,仙台大学,02:00.64,04:06.85,06:12.23,08:13.71,2,""
2021,全日本選手権 兼 全日本大学選手権,131,女子ペア,Final B,10/31 09:06,6,龍谷大学,01:56.30,04:01.76,06:11.04,08:18.71,6,""
2021,全日本選手権 兼 全日本大学選手権,132,男子ペア,Final B,10/31 09:16,1,仙台大学,01:41.07,03:28.57,05:19.18,07:07.39,1,""
2021,全日本選手権 兼 全日本大学選手権,132,男子ペア,Final B,10/31 09:16,2,日本製鉄,01:42.77,03:33.41,05:24.24,07:09.70,3,""
2021,全日本選手権 兼 全日本大学選手権,132,男子ペア,Final B,10/31 09:16,3,大阪府立大学,01:44.79,03:34.94,05:25.50,07:11.74,2,""
2021,全日本選手権 兼 全日本大学選手権,132,男子ペア,Final B,10/31 09:16,4,東京経済大学,01:45.40,03:35.69,05:27.59,07:12.87,4,""
2021,全日本選手権 兼 全日本大学選手権,132,男子ペア,Final B,10/31 09:16,5,法政大学,01:42.26,03:32.57,05:23.98,07:12.94,6,""
2021,全日本選手権 兼 全日本大学選手権,132,男子ペア,Final B,10/31 09:16,6,ひた市,01:43.18,03:34.23,05:25.99,07:21.89,5,""
2021,全日本選手権 兼 全日本大学選手権,133,女子クォドルプル,Final B,10/31 09:26,1,中央大学,01:40.69,03:25.99,05:14.88,07:01.90,3,""
2021,全日本選手権 兼 全日本大学選手権,133,女子クォドルプル,Final B,10/31 09:26,2,同志社大学,01:43.45,03:33.06,05:23.67,07:09.81,1,""
2021,全日本選手権 兼 全日本大学選手権,133,女子クォドルプル,Final B,10/31 09:26,3,法政大学,01:46.27,03:35.78,05:24.48,07:10.71,2,""
2021,全日本選手権 兼 全日本大学選手権,133,女子クォドルプル,Final B,10/31 09:26,4,富山国際大学,01:45.19,03:34.91,05:25.69,07:12.99,5,""
2021,全日本選手権 兼 全日本大学選手権,133,女子クォドルプル,Final B,10/31 09:26,5,中部電力,01:43.94,03:34.16,05:25.34,07:13.38,4,""
2021,全日本選手権 兼 全日本大学選手権,133,女子クォドルプル,Final B,10/31 09:26,6,龍谷大学,01:45.73,03:37.60,05:32.53,07:26.37,6,""
2021,全日本選手権 兼 全日本大学選手権,134,男子クォドルプル,Final B,10/31 09:34,1,東京経済大学,01:31.52,03:07.45,04:44.03,06:20.03,3,""
2021,全日本選手権 兼 全日本大学選手権,134,男子クォドルプル,Final B,10/31 09:34,2,立命館大学,01:32.28,03:07.83,04:45.28,06:20.51,6,""
2021,全日本選手権 兼 全日本大学選手権,134,男子クォドルプル,Final B,10/31 09:34,3,龍谷大学,01:33.06,03:10.47,04:48.37,06:23.10,4,""
2021,全日本選手権 兼 全日本大学選手権,134,男子クォドルプル,Final B,10/31 09:34,4,一橋大学,01:31.86,03:08.12,04:48.06,06:24.59,2,""
2021,全日本選手権 兼 全日本大学選手権,134,男子クォドルプル,Final B,10/31 09:34,5,東海大学,01:32.67,03:09.54,04:50.28,06:29.70,1,""
2021,全日本選手権 兼 全日本大学選手権,134,男子クォドルプル,Final B,10/31 09:34,6,慶應義塾大学,01:33.44,03:12.36,04:52.45,06:32.58,5,""
2021,全日本選手権 兼 全日本大学選手権,135,男子フォア,Final B,10/31 09:42,1,日本大学,01:34.97,03:14.45,04:53.51,06:30.07,4,""
2021,全日本選手権 兼 全日本大学選手権,135,男子フォア,Final B,10/31 09:42,2,慶應義塾大学,01:33.60,03:12.83,04:53.88,06:32.29,6,""
2021,全日本選手権 兼 全日本大学選手権,135,男子フォア,Final B,10/31 09:42,3,中央大学,01:32.09,03:14.12,04:57.48,06:32.63,2,""
2021,全日本選手権 兼 全日本大学選手権,135,男子フォア,Final B,10/31 09:42,4,東北大学,01:35.64,03:16.51,04:58.20,06:34.07,5,""
2021,全日本選手権 兼 全日本大学選手権,135,男子フォア,Final B,10/31 09:42,5,一橋大学,01:35.41,03:17.63,05:00.27,06:40.16,3,""
2021,全日本選手権 兼 全日本大学選手権,135,男子フォア,Final B,10/31 09:42,6,東京経済大学,01:37.46,03:19.38,05:01.94,06:42.84,1,""
2021,全日本選手権 兼 全日本大学選手権,136,女子舵手つきフォア,Final B,10/31 09:50,1,慶應義塾大学,01:52.03,03:47.74,05:43.98,07:39.82,2,""
2021,全日本選手権 兼 全日本大学選手権,136,女子舵手つきフォア,Final B,10/31 09:50,2,明治大学,01:53.14,03:51.10,05:47.93,07:43.09,3,""
2021,全日本選手権 兼 全日本大学選手権,136,女子舵手つきフォア,Final B,10/31 09:50,3,京都大学,01:54.78,03:56.09,05:58.86,07:58.75,1,""
2021,全日本選手権 兼 全日本大学選手権,136,女子舵手つきフォア,Final B,10/31 09:50,0,"","","","","",0,""
2021,全日本選手権 兼 全日本大学選手権,136,女子舵手つきフォア,Final B,10/31 09:50,0,"","","","","",0,""
2021,全日本選手権 兼 全日本大学選手権,136,女子舵手つきフォア,Final B,10/31 09:50,0,"","","","","",0,""
2021,全日本選手権 兼 全日本大学選手権,137,男子舵手つきフォア,Final B,10/31 09:58,1,チョープロ,01:37.36,03:17.62,04:59.41,06:38.96,3,""
2021,全日本選手権 兼 全日本大学選手権,137,男子舵手つきフォア,Final B,10/31 09:58,2,日本体育大学,01:38.49,03:17.88,05:01.00,06:41.53,1,""
2021,全日本選手権 兼 全日本大学選手権,137,男子舵手つきフォア,Final B,10/31 09:58,3,明治大学,01:38.78,03:20.68,05:02.58,06:42.56,4,""
2021,全日本選手権 兼 全日本大学選手権,137,男子舵手つきフォア,Final B,10/31 09:58,4,龍谷大学,01:39.41,03:22.77,05:07.61,06:49.60,2,""
2021,全日本選手権 兼 全日本大学選手権,137,男子舵手つきフォア,Final B,10/31 09:58,5,東北大学,01:40.49,03:24.77,05:10.86,06:54.97,5,""
2021,全日本選手権 兼 全日本大学選手権,137,男子舵手つきフォア,Final B,10/31 09:58,6,東レ滋賀,"","","","",6,DNS
2021,全日本選手権 兼 全日本大学選手権,138,男子エイト,Final B,10/31 10:06,1,明治大学,01:25.14,02:55.19,04:27.57,05:54.41,3,""
2021,全日本選手権 兼 全日本大学選手権,138,男子エイト,Final B,10/31 10:06,2,仙台大学,01:25.68,02:54.55,04:27.08,05:55.36,4,""
2021,全日本選手権 兼 全日本大学選手権,138,男子エイト,Final B,10/31 10:06,3,東京大学,01:27.53,02:59.29,04:31.25,06:01.28,2,""
2021,全日本選手権 兼 全日本大学選手権,138,男子エイト,Final B,10/31 10:06,4,一橋大学,01:27.08,02:58.21,04:32.40,06:03.89,1,""
2021,全日本選手権 兼 全日本大学選手権,138,男子エイト,Final B,10/31 10:06,5,同志社大学,01:26.33,02:58.51,04:33.70,06:04.31,5,""
2021,全日本選手権 兼 全日本大学選手権,138,男子エイト,Final B,10/31 10:06,6,東北大学,01:30.88,03:04.87,04:40.09,06:12.08,6,""
2021,全日本選手権 兼 全日本大学選手権,139,女子シングルスカル,Final A,10/31 10:14,1,プリントパック,01:55.25,03:57.32,05:59.27,07:57.30,3,""
2021,全日本選手権 兼 全日本大学選手権,139,女子シングルスカル,Final A,10/31 10:14,2,トヨタ自動車,01:54.68,03:53.34,05:55.74,08:00.57,4,""
2021,全日本選手権 兼 全日本大学選手権,139,女子シングルスカル,Final A,10/31 10:14,3,NTT東日本,01:57.10,03:56.94,06:02.59,08:06.29,2,""
2021,全日本選手権 兼 全日本大学選手権,139,女子シングルスカル,Final A,10/31 10:14,4,美方高校,01:57.58,04:00.64,06:06.83,08:11.47,6,""
2021,全日本選手権 兼 全日本大学選手権,139,女子シングルスカル,Final A,10/31 10:14,5,陽進堂,01:57.92,04:01.70,06:09.01,08:12.04,5,""
2021,全日本選手権 兼 全日本大学選手権,139,女子シングルスカル,Final A,10/31 10:14,6,デンソー,01:58.57,04:05.72,06:13.71,08:19.89,1,""
2021,全日本選手権 兼 全日本大学選手権,140,男子シングルスカル,Final A,10/31 10:24,1,日本体育大学,01:44.98,03:35.31,05:27.25,07:17.10,3,""
2021,全日本選手権 兼 全日本大学選手権,140,男子シングルスカル,Final A,10/31 10:24,2,日本製鉄,01:47.41,03:37.46,05:28.31,07:18.77,1,""
2021,全日本選手権 兼 全日本大学選手権,140,男子シングルスカル,Final A,10/31 10:24,3,三重選抜,01:46.49,03:37.98,05:31.39,07:21.23,5,""
2021,全日本選手権 兼 全日本大学選手権,140,男子シングルスカル,Final A,10/31 10:24,4,MaxBC,01:46.96,03:39.35,05:33.87,07:23.70,6,""
2021,全日本選手権 兼 全日本大学選手権,140,男子シングルスカル,Final A,10/31 10:24,5,仙台大学,01:44.26,03:35.96,05:30.73,07:27.70,2,""
2021,全日本選手権 兼 全日本大学選手権,140,男子シングルスカル,Final A,10/31 10:24,6,日本大学,01:44.61,03:36.77,05:32.88,07:29.53,4,""
2021,全日本選手権 兼 全日本大学選手権,141,女子ダブルスカル,Final A,10/31 10:34,1,アイリスオーヤマ,01:42.72,03:32.70,05:25.07,07:16.64,3,""
2021,全日本選手権 兼 全日本大学選手権,141,女子ダブルスカル,Final A,10/31 10:34,2,金沢大学,01:46.49,03:37.53,05:30.59,07:22.20,5,""
2021,全日本選手権 兼 全日本大学選手権,141,女子ダブルスカル,Final A,10/31 10:34,3,成立学園高校,01:50.65,03:44.85,05:38.22,07:26.75,1,""
2021,全日本選手権 兼 全日本大学選手権,141,女子ダブルスカル,Final A,10/31 10:34,4,早稲田大学,01:46.78,03:41.93,05:37.94,07:29.66,4,""
2021,全日本選手権 兼 全日本大学選手権,141,女子ダブルスカル,Final A,10/31 10:34,5,明治安田生命,01:49.28,03:43.17,05:38.95,07:30.55,2,""
2021,全日本選手権 兼 全日本大学選手権,141,女子ダブルスカル,Final A,10/31 10:34,6,日本体育大学,01:49.68,03:43.45,05:39.38,07:32.12,6,""
2021,全日本選手権 兼 全日本大学選手権,142,男子ダブルスカル,Final A,10/31 10:42,1,アイリスオーヤマ,01:35.89,03:15.22,04:55.35,06:34.68,3,""
2021,全日本選手権 兼 全日本大学選手権,142,男子ダブルスカル,Final A,10/31 10:42,2,富山国際大学,01:37.07,03:19.32,05:01.47,06:42.58,2,""
2021,全日本選手権 兼 全日本大学選手権,142,男子ダブルスカル,Final A,10/31 10:42,3,戸田中央総合病院RC,01:37.32,03:19.04,05:02.97,06:46.35,5,""
2021,全日本選手権 兼 全日本大学選手権,142,男子ダブルスカル,Final A,10/31 10:42,4,今治造船,01:39.01,03:24.47,05:08.66,06:51.65,4,""
2021,全日本選手権 兼 全日本大学選手権,142,男子ダブルスカル,Final A,10/31 10:42,5,東京経済大学,01:42.06,03:27.69,05:12.49,06:55.94,6,""
2021,全日本選手権 兼 全日本大学選手権,142,男子ダブルスカル,Final A,10/31 10:42,6,日本体育大学,01:38.15,03:24.75,05:12.05,06:58.79,1,""
2021,全日本選手権 兼 全日本大学選手権,143,女子ペア,Final A,10/31 10:50,1,立命館大学,01:55.47,03:55.80,05:55.95,07:53.72,4,""
2021,全日本選手権 兼 全日本大学選手権,143,女子ペア,Final A,10/31 10:50,2,日本体育大学,01:56.99,03:56.56,05:57.54,07:55.02,2,""
2021,全日本選手権 兼 全日本大学選手権,143,女子ペア,Final A,10/31 10:50,3,滋賀大学,01:59.80,03:59.79,05:59.84,07:55.94,3,""
2021,全日本選手権 兼 全日本大学選手権,143,女子ペア,Final A,10/31 10:50,4,立教大学,01:57.54,03:57.90,05:58.49,07:57.27,5,""
2021,全日本選手権 兼 全日本大学選手権,143,女子ペア,Final A,10/31 10:50,5,富山国際大学,01:56.27,03:58.54,06:00.67,08:01.61,6,""
2021,全日本選手権 兼 全日本大学選手権,143,女子ペア,Final A,10/31 10:50,6,早稲田大学,01:58.64,04:01.29,06:04.44,08:03.69,1,""
2021,全日本選手権 兼 全日本大学選手権,144,男子ペア,Final A,10/31 11:00,1,トヨタ紡織,01:40.16,03:26.07,05:12.93,06:55.53,3,""
2021,全日本選手権 兼 全日本大学選手権,144,男子ペア,Final A,10/31 11:00,2,富山国際大学,01:42.16,03:31.81,05:19.70,07:03.14,2,""
2021,全日本選手権 兼 全日本大学選手権,144,男子ペア,Final A,10/31 11:00,3,東北大学,01:39.81,03:28.87,05:19.42,07:03.75,4,""
2021,全日本選手権 兼 全日本大学選手権,144,男子ペア,Final A,10/31 11:00,4,日本大学,01:45.77,03:34.89,05:24.73,07:06.48,5,""
2021,全日本選手権 兼 全日本大学選手権,144,男子ペア,Final A,10/31 11:00,5,大阪大学,01:44.84,03:34.42,05:23.98,07:12.55,1,""
2021,全日本選手権 兼 全日本大学選手権,144,男子ペア,Final A,10/31 11:00,6,明治大学,01:43.67,03:34.02,05:26.97,07:16.00,6,""
2021,全日本選手権 兼 全日本大学選手権,145,女子クォドルプル,Final A,10/31 11:58,1,明治安田生命,01:35.01,03:15.42,04:58.86,06:39.66,3,""
2021,全日本選手権 兼 全日本大学選手権,145,女子クォドルプル,Final A,10/31 11:58,2,デンソー,01:37.60,03:22.12,05:06.42,06:45.54,1,""
2021,全日本選手権 兼 全日本大学選手権,145,女子クォドルプル,Final A,10/31 11:58,3,明治大学,01:38.51,03:22.43,05:05.65,06:47.02,2,""
2021,全日本選手権 兼 全日本大学選手権,145,女子クォドルプル,Final A,10/31 11:58,4,関西電力,01:36.12,03:19.39,05:05.36,06:49.30,4,""
2021,全日本選手権 兼 全日本大学選手権,145,女子クォドルプル,Final A,10/31 11:58,5,早稲田大学,01:37.32,03:20.00,05:06.08,06:51.51,5,""
2021,全日本選手権 兼 全日本大学選手権,145,女子クォドルプル,Final A,10/31 11:58,6,東北大学,01:41.36,03:29.92,05:20.06,07:06.04,6,""
2021,全日本選手権 兼 全日本大学選手権,146,男子クォドルプル,Final A,10/31 11:10,1,NTT東日本,01:28.77,03:01.43,04:35.41,06:07.66,3,""
2021,全日本選手権 兼 全日本大学選手権,146,男子クォドルプル,Final A,10/31 11:10,2,仙台大学,01:29.62,03:04.83,04:39.69,06:10.27,2,""
2021,全日本選手権 兼 全日本大学選手権,146,男子クォドルプル,Final A,10/31 11:10,3,富山国際大学,01:29.19,03:02.81,04:37.81,06:12.00,1,""
2021,全日本選手権 兼 全日本大学選手権,146,男子クォドルプル,Final A,10/31 11:10,4,明治大学,01:30.46,03:05.43,04:40.23,06:13.79,4,""
2021,全日本選手権 兼 全日本大学選手権,146,男子クォドルプル,Final A,10/31 11:10,5,日本大学,01:32.94,03:07.72,04:44.62,06:17.77,5,""
2021,全日本選手権 兼 全日本大学選手権,146,男子クォドルプル,Final A,10/31 11:10,6,日本体育大学,01:33.42,03:10.35,04:48.33,06:25.77,6,""
2021,全日本選手権 兼 全日本大学選手権,147,男子フォア,Final A,10/31 11:18,1,立教大学,01:29.65,03:05.46,04:42.18,06:14.93,2,""
2021,全日本選手権 兼 全日本大学選手権,147,男子フォア,Final A,10/31 11:18,2,戸田中央総合病院RC,01:28.90,03:04.51,04:42.49,06:16.84,6,""
2021,全日本選手権 兼 全日本大学選手権,147,男子フォア,Final A,10/31 11:18,3,関西電力,01:31.74,03:07.42,04:43.71,06:17.49,5,""
2021,全日本選手権 兼 全日本大学選手権,147,男子フォア,Final A,10/31 11:18,4,京都大学,01:30.21,03:06.83,04:45.57,06:19.69,3,""
2021,全日本選手権 兼 全日本大学選手権,147,男子フォア,Final A,10/31 11:18,5,中部電力,01:30.94,03:09.44,04:47.99,06:24.11,4,""
2021,全日本選手権 兼 全日本大学選手権,147,男子フォア,Final A,10/31 11:18,6,仙台大学,01:32.98,03:13.37,04:56.07,06:33.57,1,""
2021,全日本選手権 兼 全日本大学選手権,148,女子舵手つきフォア,Final A,10/31 11:26,1,立命館大学,01:48.25,03:40.63,05:33.22,07:23.24,3,""
2021,全日本選手権 兼 全日本大学選手権,148,女子舵手つきフォア,Final A,10/31 11:26,2,立教大学,01:51.85,03:43.57,05:35.93,07:25.59,5,""
2021,全日本選手権 兼 全日本大学選手権,148,女子舵手つきフォア,Final A,10/31 11:26,3,一橋大学,01:50.24,03:41.97,05:35.19,07:25.75,4,""
2021,全日本選手権 兼 全日本大学選手権,148,女子舵手つきフォア,Final A,10/31 11:26,4,神戸大学,01:53.33,03:46.88,05:40.39,07:30.98,2,""
2021,全日本選手権 兼 全日本大学選手権,148,女子舵手つきフォア,Final A,10/31 11:26,5,早稲田大学,01:47.85,03:42.44,05:37.98,07:33.02,6,""
2021,全日本選手権 兼 全日本大学選手権,148,女子舵手つきフォア,Final A,10/31 11:26,6,日本体育大学,01:53.85,03:48.08,05:42.52,07:33.55,1,""
2021,全日本選手権 兼 全日本大学選手権,149,男子舵手つきフォア,Final A,10/31 11:34,1,日本大学,01:35.98,03:13.82,04:54.23,06:31.78,1,""
2021,全日本選手権 兼 全日本大学選手権,149,男子舵手つきフォア,Final A,10/31 11:34,2,中央大学,01:32.49,03:11.37,04:53.64,06:32.10,4,""
2021,全日本選手権 兼 全日本大学選手権,149,男子舵手つきフォア,Final A,10/31 11:34,3,トヨタ紡織,01:34.49,03:14.72,04:55.95,06:34.75,2,""
2021,全日本選手権 兼 全日本大学選手権,149,男子舵手つきフォア,Final A,10/31 11:34,4,NTT東日本,01:36.55,03:17.66,04:58.93,06:37.63,3,""
2021,全日本選手権 兼 全日本大学選手権,149,男子舵手つきフォア,Final A,10/31 11:34,5,中部電力,01:35.31,03:17.33,05:03.01,06:43.39,5,""
2021,全日本選手権 兼 全日本大学選手権,149,男子舵手つきフォア,Final A,10/31 11:34,6,仙台大学,01:37.12,03:19.90,05:05.81,06:47.83,6,""
2021,全日本選手権 兼 全日本大学選手権,150,男子エイト,Final A,10/31 11:42,1,NTT東日本,01:23.97,02:50.27,04:19.23,05:45.48,3,""
2021,全日本選手権 兼 全日本大学選手権,150,男子エイト,Final A,10/31 11:42,2,明治安田生命,01:24.49,02:52.57,04:22.32,05:49.23,4,""
2021,全日本選手権 兼 全日本大学選手権,150,男子エイト,Final A,10/31 11:42,3,東レ滋賀,01:24.98,02:53.62,04:23.81,05:50.86,5,""
2021,全日本選手権 兼 全日本大学選手権,150,男子エイト,Final A,10/31 11:42,4,日本大学,01:26.93,02:55.83,04:26.51,05:55.54,2,""
2021,全日本選手権 兼 全日本大学選手権,150,男子エイト,Final A,10/31 11:42,5,早稲田大学,01:25.98,02:55.40,04:28.96,05:58.97,6,""
2021,全日本選手権 兼 全日本大学選手権,150,男子エイト,Final A,10/31 11:42,6,慶應義塾大学,01:25.55,02:56.90,04:31.54,06:05.29,1,""
